TAIL; DEPARTURE_BASE; DEPARTURE_DATE; ARRIVAL_BASE; ARRIVAL_DATE
AA111; ; ; Base10; 01/01/16 02:44
AA111; Base10; 01/01/16 06:47; Base4; 01/01/16 12:25
AA111; Base4; 01/01/16 16:17; Base1; 01/01/16 16:27
AA111; Base1; 01/01/16 17:17; Base9; 01/01/16 19:18
AA111; Base9; 01/02/16 00:24; Base1; 01/02/16 00:44
AA111; Base1; 01/02/16 04:54; Base8; 01/02/16 06:48
AA111; Base8; 01/02/16 09:22; Base7; 01/02/16 13:54
AA111; Base7; 01/02/16 15:37; Base7; 01/02/16 23:33
AA111; Base7; 01/03/16 00:29; Base5; 01/03/16 03:31
AA111; Base5; 01/03/16 06:47; Base3; 01/03/16 09:11
AA111; Base3; 01/03/16 12:03; Base7; 01/03/16 14:02
AA111; Base7; 01/03/16 17:07; Base2; 01/04/16 01:38
AA111; Base2; 01/04/16 06:11; Base3; 01/04/16 06:30
AA111; Base3; 01/04/16 11:29; Base4; 01/04/16 11:15
AA111; Base4; 01/04/16 14:40; Base5; 01/04/16 16:03
AA111; Base5; 01/04/16 19:19; Base6; 01/05/16 02:26
AA111; Base6; 01/05/16 06:34; Base8; 01/05/16 07:35
AA111; Base8; 01/05/16 08:18; Base1; 01/05/16 15:26
AA111; Base1; 01/05/16 20:27; Base2; 01/06/16 01:18
AA111; Base2; 01/06/16 01:42; Base4; 01/06/16 08:13
AA111; Base4; 01/06/16 10:07; Base6; 01/06/16 18:14
AA111; Base6; 01/06/16 19:53; Base7; 01/07/16 02:25
AA111; Base7; 01/07/16 05:01; Base1; 01/07/16 12:00
AA111; Base1; 01/07/16 13:06; Base9; 01/07/16 23:10
AA111; Base9; 01/07/16 23:54; Base5; 01/08/16 11:08
AA111; Base5; 01/08/16 11:30; Base8; 01/08/16 22:46
AA111; Base8; 01/08/16 23:32; Base4; 01/09/16 09:30
AA111; Base4; 01/09/16 12:00; Base10; 01/09/16 19:35
AA111; Base10; 01/09/16 20:39; Base2; 01/10/16 00:31
AA111; Base2; 01/10/16 03:36; Base2; 01/10/16 08:29
AA111; Base2; 01/10/16 10:35; Base6; 01/10/16 16:51
AA111; Base6; 01/10/16 18:23; Base2; 01/10/16 19:59
AA111; Base2; 01/10/16 22:25; Base1; 01/11/16 00:41
AA111; Base1; 01/11/16 03:29; Base5; 01/11/16 12:09
AA111; Base5; 01/11/16 14:20; Base2; 01/11/16 23:12
AA111; Base2; 01/12/16 00:45; Base5; 01/12/16 05:20
AA111; Base5; 01/12/16 10:23; Base10; 01/12/16 09:00
AA111; Base10; 01/12/16 10:31; Base4; 01/12/16 11:59
AA111; Base4; 01/12/16 12:32; Base2; 01/12/16 14:32
AA111; Base2; 01/12/16 18:07; Base5; 01/12/16 23:57
AA111; Base5; 01/13/16 04:01; Base2; 01/13/16 05:12
AA111; Base2; 01/13/16 07:23; Base7; 01/13/16 09:22
AA111; Base7; 01/13/16 14:21; Base8; 01/13/16 12:32
AA111; Base8; 01/13/16 15:07; Base4; 01/13/16 19:07
AA111; Base4; 01/13/16 23:33; Base8; 01/14/16 02:26
AA111; Base8; 01/14/16 06:50; Base6; 01/14/16 08:28
AA111; Base6; 01/14/16 13:11; Base6; 01/14/16 19:52
AA111; Base6; 01/14/16 21:15; Base4; 01/15/16 03:55
AA111; Base4; 01/15/16 08:29; Base2; 01/15/16 08:31
AA111; Base2; 01/15/16 10:00; Base5; 01/15/16 12:34
AA112; ; ; Base8; 01/01/16 04:55
AA112; Base8; 01/01/16 06:45; Base4; 01/01/16 08:26
AA112; Base4; 01/01/16 09:12; Base3; 01/01/16 15:43
AA112; Base3; 01/01/16 20:42; Base8; 01/01/16 18:24
AA112; Base8; 01/01/16 19:56; Base5; 01/02/16 02:21
AA112; Base5; 01/02/16 05:18; Base3; 01/02/16 10:00
AA112; Base3; 01/02/16 13:44; Base4; 01/02/16 18:23
AA112; Base4; 01/02/16 18:55; Base9; 01/03/16 06:16
AA112; Base9; 01/03/16 07:06; Base3; 01/03/16 16:19
AA112; Base3; 01/03/16 17:20; Base8; 01/04/16 01:14
AA112; Base8; 01/04/16 04:03; Base8; 01/04/16 09:55
AA112; Base8; 01/04/16 14:43; Base4; 01/04/16 20:59
AA112; Base4; 01/04/16 21:29; Base8; 01/05/16 01:17
AA112; Base8; 01/05/16 06:09; Base7; 01/05/16 08:18
AA112; Base7; 01/05/16 12:40; Base6; 01/05/16 18:57
AA112; Base6; 01/05/16 23:43; Base1; 01/05/16 23:39
AA112; Base1; 01/06/16 04:53; Base8; 01/06/16 03:40
AA112; Base8; 01/06/16 04:18; Base7; 01/06/16 10:35
AA112; Base7; 01/06/16 13:32; Base1; 01/06/16 13:40
AA112; Base1; 01/06/16 17:37; Base2; 01/06/16 23:55
AA112; Base2; 01/07/16 05:07; Base7; 01/07/16 07:18
AA112; Base7; 01/07/16 09:48; Base9; 01/07/16 14:03
AA112; Base9; 01/07/16 15:16; Base4; 01/07/16 17:44
AA112; Base4; 01/07/16 18:23; Base4; 01/08/16 03:51
AA112; Base4; 01/08/16 07:29; Base7; 01/08/16 10:15
AA112; Base7; 01/08/16 10:40; Base10; 01/08/16 16:47
AA112; Base10; 01/08/16 18:59; Base2; 01/08/16 20:13
AA112; Base2; 01/09/16 01:19; Base10; 01/09/16 01:52
AA112; Base10; 01/09/16 03:33; Base5; 01/09/16 11:21
AA112; Base5; 01/09/16 13:47; Base10; 01/09/16 22:48
AA112; Base10; 01/10/16 02:28; Base6; 01/10/16 07:56
AA112; Base6; 01/10/16 09:10; Base2; 01/10/16 16:44
AA112; Base2; 01/10/16 17:14; Base6; 01/10/16 20:47
AA112; Base6; 01/10/16 22:05; Base4; 01/11/16 05:36
AA112; Base4; 01/11/16 06:43; Base9; 01/11/16 17:25
AA112; Base9; 01/11/16 18:43; Base5; 01/11/16 23:26
AA112; Base5; 01/12/16 02:43; Base3; 01/12/16 03:00
AA112; Base3; 01/12/16 04:36; Base3; 01/12/16 10:59
AA112; Base3; 01/12/16 15:27; Base10; 01/12/16 15:56
AA112; Base10; 01/12/16 19:12; Base2; 01/12/16 21:38
AA112; Base2; 01/13/16 02:04; Base3; 01/13/16 08:29
AA112; Base3; 01/13/16 10:57; Base4; 01/13/16 11:06
AA112; Base4; 01/13/16 13:33; Base1; 01/13/16 15:13
AA112; Base1; 01/13/16 19:02; Base7; 01/13/16 22:08
AA112; Base7; 01/13/16 22:49; Base4; 01/14/16 00:52
AA112; Base4; 01/14/16 03:15; Base9; 01/14/16 09:32
AA112; Base9; 01/14/16 12:32; Base4; 01/14/16 21:14
AA112; Base4; 01/15/16 01:28; Base5; 01/15/16 05:30
AA112; Base5; 01/15/16 06:37; Base3; 01/15/16 10:28
AA112; Base3; 01/15/16 13:06; Base9; 01/15/16 17:55
AA113; ; ; Base4; 01/01/16 02:27
AA113; Base4; 01/01/16 05:06; Base5; 01/01/16 04:52
AA113; Base5; 01/01/16 06:49; Base8; 01/01/16 14:40
AA113; Base8; 01/01/16 15:53; Base8; 01/01/16 17:24
AA113; Base8; 01/01/16 19:27; Base7; 01/01/16 21:16
AA113; Base7; 01/01/16 22:49; Base10; 01/02/16 06:46
AA113; Base10; 01/02/16 08:03; Base3; 01/02/16 16:30
AA113; Base3; 01/02/16 20:16; Base6; 01/03/16 00:26
AA113; Base6; 01/03/16 04:01; Base7; 01/03/16 09:02
AA113; Base7; 01/03/16 10:25; Base8; 01/03/16 20:30
AA113; Base8; 01/03/16 23:53; Base5; 01/04/16 00:03
AA113; Base5; 01/04/16 04:15; Base4; 01/04/16 08:48
AA113; Base4; 01/04/16 13:21; Base9; 01/04/16 15:12
AA113; Base9; 01/04/16 18:27; Base6; 01/04/16 23:29
AA113; Base6; 01/05/16 01:25; Base2; 01/05/16 04:26
AA113; Base2; 01/05/16 07:10; Base7; 01/05/16 13:01
AA113; Base7; 01/05/16 16:05; Base8; 01/05/16 21:38
AA113; Base8; 01/05/16 23:04; Base2; 01/06/16 09:35
AA113; Base2; 01/06/16 11:57; Base5; 01/06/16 12:35
AA113; Base5; 01/06/16 16:04; Base8; 01/06/16 22:19
AA113; Base8; 01/06/16 23:37; Base2; 01/07/16 10:03
AA113; Base2; 01/07/16 13:01; Base6; 01/07/16 13:21
AA113; Base6; 01/07/16 15:40; Base7; 01/07/16 20:25
AA113; Base7; 01/07/16 22:30; Base2; 01/08/16 03:48
AA113; Base2; 01/08/16 04:22; Base8; 01/08/16 08:43
AA113; Base8; 01/08/16 12:30; Base4; 01/08/16 15:22
AA113; Base4; 01/08/16 19:08; Base8; 01/08/16 21:33
AA113; Base8; 01/08/16 23:33; Base5; 01/09/16 00:09
AA113; Base5; 01/09/16 04:36; Base5; 01/09/16 04:26
AA113; Base5; 01/09/16 08:37; Base4; 01/09/16 10:36
AA113; Base4; 01/09/16 12:50; Base3; 01/09/16 20:14
AA113; Base3; 01/09/16 22:13; Base7; 01/10/16 07:45
AA113; Base7; 01/10/16 11:56; Base2; 01/10/16 18:09
AA113; Base2; 01/10/16 21:04; Base9; 01/11/16 06:04
AA113; Base9; 01/11/16 07:24; Base5; 01/11/16 09:57
AA113; Base5; 01/11/16 14:14; Base4; 01/11/16 20:16
AA113; Base4; 01/11/16 21:10; Base2; 01/11/16 23:32
AA113; Base2; 01/12/16 00:49; Base5; 01/12/16 06:41
AA113; Base5; 01/12/16 11:17; Base6; 01/12/16 09:37
AA113; Base6; 01/12/16 12:52; Base9; 01/12/16 18:42
AA113; Base9; 01/12/16 19:03; Base9; 01/13/16 06:36
AA113; Base9; 01/13/16 09:35; Base5; 01/13/16 18:30
AA113; Base5; 01/13/16 21:20; Base10; 01/13/16 23:05
AA113; Base10; 01/14/16 03:07; Base6; 01/14/16 09:36
AA113; Base6; 01/14/16 10:22; Base7; 01/14/16 18:24
AA113; Base7; 01/14/16 23:12; Base10; 01/15/16 03:48
AA113; Base10; 01/15/16 08:47; Base6; 01/15/16 11:47
AA113; Base6; 01/15/16 16:26; Base5; 01/15/16 15:21
AA113; Base5; 01/15/16 18:27; Base7; 01/15/16 19:45
AA113; Base7; 01/15/16 21:54; Base1; 01/16/16 04:03
AA114; ; ; Base6; 01/01/16 09:04
AA114; Base6; 01/01/16 11:52; Base9; 01/01/16 12:39
AA114; Base9; 01/01/16 14:02; Base6; 01/01/16 17:39
AA114; Base6; 01/01/16 19:01; Base10; 01/02/16 00:03
AA114; Base10; 01/02/16 01:06; Base2; 01/02/16 03:28
AA114; Base2; 01/02/16 04:04; Base10; 01/02/16 11:23
AA114; Base10; 01/02/16 12:03; Base9; 01/02/16 20:52
AA114; Base9; 01/03/16 01:30; Base8; 01/03/16 08:43
AA114; Base8; 01/03/16 11:03; Base2; 01/03/16 12:49
AA114; Base2; 01/03/16 14:40; Base3; 01/04/16 00:14
AA114; Base3; 01/04/16 03:49; Base1; 01/04/16 07:07
AA114; Base1; 01/04/16 11:44; Base4; 01/04/16 14:53
AA114; Base4; 01/04/16 16:07; Base7; 01/04/16 17:48
AA114; Base7; 01/04/16 18:44; Base10; 01/05/16 04:50
AA114; Base10; 01/05/16 10:10; Base3; 01/05/16 14:01
AA114; Base3; 01/05/16 18:11; Base9; 01/05/16 20:53
AA114; Base9; 01/05/16 23:01; Base1; 01/06/16 00:59
AA114; Base1; 01/06/16 02:12; Base3; 01/06/16 06:37
AA114; Base3; 01/06/16 09:18; Base10; 01/06/16 15:30
AA114; Base10; 01/06/16 19:31; Base6; 01/07/16 01:03
AA114; Base6; 01/07/16 02:53; Base2; 01/07/16 09:11
AA114; Base2; 01/07/16 09:53; Base3; 01/07/16 20:11
AA114; Base3; 01/07/16 20:35; Base9; 01/08/16 02:49
AA114; Base9; 01/08/16 04:42; Base5; 01/08/16 06:07
AA114; Base5; 01/08/16 08:07; Base3; 01/08/16 18:04
AA114; Base3; 01/08/16 18:38; Base6; 01/08/16 23:20
AA114; Base6; 01/09/16 00:07; Base1; 01/09/16 07:47
AA114; Base1; 01/09/16 10:48; Base2; 01/09/16 18:53
AA114; Base2; 01/09/16 20:42; Base8; 01/10/16 00:31
AA114; Base8; 01/10/16 04:12; Base7; 01/10/16 03:23
AA114; Base7; 01/10/16 07:16; Base8; 01/10/16 12:48
AA114; Base8; 01/10/16 15:56; Base4; 01/10/16 21:51
AA114; Base4; 01/10/16 23:53; Base7; 01/11/16 07:44
AA114; Base7; 01/11/16 08:43; Base6; 01/11/16 11:08
AA114; Base6; 01/11/16 15:28; Base8; 01/11/16 22:05
AA114; Base8; 01/11/16 22:52; Base8; 01/12/16 01:11
AA114; Base8; 01/12/16 02:11; Base8; 01/12/16 10:09
AA114; Base8; 01/12/16 13:42; Base4; 01/12/16 13:41
AA114; Base4; 01/12/16 16:56; Base8; 01/12/16 23:16
AA114; Base8; 01/13/16 04:28; Base9; 01/13/16 08:44
AA114; Base9; 01/13/16 10:55; Base7; 01/13/16 14:39
AA114; Base7; 01/13/16 16:50; Base3; 01/14/16 00:37
AA114; Base3; 01/14/16 01:59; Base4; 01/14/16 10:26
AA114; Base4; 01/14/16 13:59; Base5; 01/14/16 15:02
AA114; Base5; 01/14/16 15:53; Base3; 01/15/16 00:56
AA114; Base3; 01/15/16 01:44; Base5; 01/15/16 08:26
AA114; Base5; 01/15/16 12:42; Base3; 01/15/16 11:55
AA114; Base3; 01/15/16 14:25; Base7; 01/15/16 23:34
AA114; Base7; 01/16/16 03:11; Base2; 01/16/16 06:07
AA114; Base2; 01/16/16 07:47; Base8; 01/16/16 10:19
AA115; ; ; Base1; 01/01/16 03:36
AA115; Base1; 01/01/16 07:13; Base8; 01/01/16 10:03
AA115; Base8; 01/01/16 13:33; Base2; 01/01/16 13:30
AA115; Base2; 01/01/16 14:33; Base2; 01/01/16 16:51
AA115; Base2; 01/01/16 18:46; Base3; 01/01/16 22:18
AA115; Base3; 01/02/16 02:09; Base6; 01/02/16 09:16
AA115; Base6; 01/02/16 10:00; Base10; 01/02/16 13:42
AA115; Base10; 01/02/16 15:37; Base2; 01/02/16 21:27
AA115; Base2; 01/02/16 22:39; Base3; 01/03/16 09:21
AA115; Base3; 01/03/16 13:07; Base5; 01/03/16 12:27
AA115; Base5; 01/03/16 15:54; Base2; 01/03/16 18:43
AA115; Base2; 01/03/16 22:51; Base9; 01/03/16 22:40
AA115; Base9; 01/04/16 00:29; Base6; 01/04/16 07:38
AA115; Base6; 01/04/16 09:39; Base3; 01/04/16 15:47
AA115; Base3; 01/04/16 17:55; Base6; 01/04/16 22:14
AA115; Base6; 01/05/16 00:43; Base2; 01/05/16 04:43
AA115; Base2; 01/05/16 06:39; Base7; 01/05/16 09:54
AA115; Base7; 01/05/16 12:32; Base3; 01/05/16 21:17
AA115; Base3; 01/06/16 01:20; Base8; 01/06/16 06:58
AA115; Base8; 01/06/16 09:37; Base3; 01/06/16 15:55
AA115; Base3; 01/06/16 17:08; Base2; 01/07/16 02:13
AA115; Base2; 01/07/16 05:08; Base8; 01/07/16 13:12
AA115; Base8; 01/07/16 16:15; Base7; 01/08/16 00:45
AA115; Base7; 01/08/16 04:50; Base2; 01/08/16 10:55
AA115; Base2; 01/08/16 13:59; Base4; 01/08/16 16:27
AA115; Base4; 01/08/16 18:04; Base1; 01/08/16 20:35
AA115; Base1; 01/09/16 01:35; Base2; 01/09/16 05:16
AA115; Base2; 01/09/16 08:30; Base5; 01/09/16 15:17
AA115; Base5; 01/09/16 16:46; Base1; 01/10/16 00:55
AA115; Base1; 01/10/16 04:50; Base7; 01/10/16 09:45
AA115; Base7; 01/10/16 14:10; Base4; 01/10/16 15:54
AA115; Base4; 01/10/16 20:30; Base6; 01/11/16 01:53
AA115; Base6; 01/11/16 04:27; Base1; 01/11/16 13:24
AA115; Base1; 01/11/16 15:31; Base10; 01/11/16 21:52
AA115; Base10; 01/12/16 01:14; Base4; 01/12/16 06:32
AA115; Base4; 01/12/16 08:59; Base2; 01/12/16 09:10
AA115; Base2; 01/12/16 13:43; Base8; 01/12/16 15:08
AA115; Base8; 01/12/16 20:16; Base3; 01/12/16 19:14
AA115; Base3; 01/12/16 21:27; Base1; 01/12/16 23:46
AA115; Base1; 01/13/16 00:20; Base8; 01/13/16 03:54
AA115; Base8; 01/13/16 06:10; Base7; 01/13/16 12:39
AA115; Base7; 01/13/16 17:00; Base8; 01/13/16 23:47
AA115; Base8; 01/14/16 03:13; Base6; 01/14/16 05:52
AA115; Base6; 01/14/16 07:27; Base5; 01/14/16 10:55
AA115; Base5; 01/14/16 16:11; Base1; 01/14/16 21:02
AA115; Base1; 01/15/16 01:23; Base10; 01/15/16 00:16
AA115; Base10; 01/15/16 00:42; Base7; 01/15/16 11:41
AA115; Base7; 01/15/16 16:27; Base9; 01/15/16 19:13
AA115; Base9; 01/15/16 20:39; Base2; 01/15/16 22:56
AA115; Base2; 01/16/16 02:21; Base10; 01/16/16 02:22
AA116; ; ; Base8; 01/01/16 06:21
AA116; Base8; 01/01/16 09:37; Base6; 01/01/16 14:02
AA116; Base6; 01/01/16 19:21; Base4; 01/01/16 23:21
AA116; Base4; 01/02/16 04:07; Base5; 01/02/16 05:04
AA116; Base5; 01/02/16 06:02; Base4; 01/02/16 09:34
AA116; Base4; 01/02/16 13:23; Base1; 01/02/16 19:29
AA116; Base1; 01/02/16 23:41; Base1; 01/03/16 06:44
AA116; Base1; 01/03/16 10:43; Base3; 01/03/16 15:54
AA116; Base3; 01/03/16 18:38; Base7; 01/04/16 00:45
AA116; Base7; 01/04/16 05:14; Base8; 01/04/16 04:51
AA116; Base8; 01/04/16 06:06; Base1; 01/04/16 08:18
AA116; Base1; 01/04/16 13:07; Base1; 01/04/16 12:33
AA116; Base1; 01/04/16 16:45; Base4; 01/04/16 20:18
AA116; Base4; 01/04/16 21:42; Base6; 01/05/16 01:57
AA116; Base6; 01/05/16 02:48; Base4; 01/05/16 10:23
AA116; Base4; 01/05/16 12:53; Base10; 01/05/16 17:36
AA116; Base10; 01/05/16 22:25; Base2; 01/06/16 00:40
AA116; Base2; 01/06/16 05:36; Base8; 01/06/16 11:58
AA116; Base8; 01/06/16 16:59; Base2; 01/06/16 17:40
AA116; Base2; 01/06/16 22:10; Base4; 01/07/16 02:16
AA116; Base4; 01/07/16 04:13; Base6; 01/07/16 12:41
AA116; Base6; 01/07/16 14:41; Base7; 01/07/16 20:22
AA116; Base7; 01/07/16 22:47; Base5; 01/08/16 06:01
AA116; Base5; 01/08/16 08:00; Base9; 01/08/16 17:46
AA116; Base9; 01/08/16 18:16; Base4; 01/09/16 05:19
AA116; Base4; 01/09/16 06:49; Base8; 01/09/16 10:25
AA116; Base8; 01/09/16 14:04; Base1; 01/09/16 18:30
AA116; Base1; 01/09/16 20:03; Base8; 01/10/16 01:14
AA116; Base8; 01/10/16 05:14; Base2; 01/10/16 06:20
AA116; Base2; 01/10/16 09:37; Base4; 01/10/16 10:04
AA116; Base4; 01/10/16 12:51; Base9; 01/10/16 17:18
AA116; Base9; 01/10/16 22:28; Base1; 01/11/16 00:01
AA116; Base1; 01/11/16 03:42; Base6; 01/11/16 04:14
AA116; Base6; 01/11/16 07:41; Base9; 01/11/16 10:06
AA116; Base9; 01/11/16 15:19; Base7; 01/11/16 13:18
AA116; Base7; 01/11/16 14:15; Base3; 01/11/16 19:34
AA116; Base3; 01/11/16 20:40; Base4; 01/12/16 01:09
AA116; Base4; 01/12/16 01:58; Base10; 01/12/16 12:03
AA116; Base10; 01/12/16 14:06; Base8; 01/12/16 14:54
AA116; Base8; 01/12/16 18:40; Base9; 01/12/16 22:32
AA116; Base9; 01/12/16 23:06; Base2; 01/13/16 03:51
AA116; Base2; 01/13/16 08:35; Base6; 01/13/16 13:10
AA116; Base6; 01/13/16 17:31; Base3; 01/14/16 00:26
AA116; Base3; 01/14/16 04:21; Base9; 01/14/16 12:17
AA116; Base9; 01/14/16 15:26; Base3; 01/14/16 19:12
AA116; Base3; 01/14/16 22:47; Base4; 01/15/16 02:26
AA116; Base4; 01/15/16 04:35; Base8; 01/15/16 09:24
AA116; Base8; 01/15/16 10:25; Base1; 01/15/16 18:13
AA116; Base1; 01/15/16 23:15; Base10; 01/15/16 23:31
AA116; Base10; 01/16/16 04:20; Base6; 01/16/16 09:36
AA117; ; ; Base5; 01/01/16 11:21
AA117; Base5; 01/01/16 16:33; Base10; 01/01/16 17:46
AA117; Base10; 01/01/16 20:23; Base3; 01/01/16 23:54
AA117; Base3; 01/02/16 04:49; Base6; 01/02/16 10:46
AA117; Base6; 01/02/16 15:36; Base5; 01/02/16 14:36
AA117; Base5; 01/02/16 18:45; Base9; 01/03/16 01:38
AA117; Base9; 01/03/16 05:18; Base2; 01/03/16 10:30
AA117; Base2; 01/03/16 14:26; Base3; 01/03/16 15:32
AA117; Base3; 01/03/16 17:50; Base5; 01/04/16 01:52
AA117; Base5; 01/04/16 05:15; Base6; 01/04/16 12:17
AA117; Base6; 01/04/16 16:12; Base9; 01/04/16 19:04
AA117; Base9; 01/04/16 22:47; Base5; 01/04/16 21:39
AA117; Base5; 01/05/16 02:04; Base4; 01/05/16 01:10
AA117; Base4; 01/05/16 03:23; Base6; 01/05/16 06:51
AA117; Base6; 01/05/16 09:11; Base6; 01/05/16 13:03
AA117; Base6; 01/05/16 17:00; Base5; 01/06/16 00:35
AA117; Base5; 01/06/16 01:14; Base1; 01/06/16 04:17
AA117; Base1; 01/06/16 06:08; Base1; 01/06/16 09:47
AA117; Base1; 01/06/16 10:51; Base7; 01/06/16 13:06
AA117; Base7; 01/06/16 16:18; Base10; 01/07/16 00:51
AA117; Base10; 01/07/16 02:51; Base5; 01/07/16 08:12
AA117; Base5; 01/07/16 12:59; Base1; 01/07/16 11:17
AA117; Base1; 01/07/16 13:36; Base7; 01/07/16 21:37
AA117; Base7; 01/08/16 02:37; Base2; 01/08/16 08:32
AA117; Base2; 01/08/16 11:51; Base6; 01/08/16 19:33
AA117; Base6; 01/08/16 22:33; Base3; 01/09/16 05:49
AA117; Base3; 01/09/16 10:59; Base7; 01/09/16 12:19
AA117; Base7; 01/09/16 14:24; Base6; 01/09/16 21:38
AA117; Base6; 01/10/16 00:47; Base7; 01/10/16 01:32
AA117; Base7; 01/10/16 05:32; Base4; 01/10/16 11:58
AA117; Base4; 01/10/16 16:11; Base8; 01/10/16 18:05
AA117; Base8; 01/10/16 23:09; Base8; 01/11/16 03:08
AA117; Base8; 01/11/16 05:25; Base6; 01/11/16 06:35
AA117; Base6; 01/11/16 08:04; Base9; 01/11/16 09:28
AA117; Base9; 01/11/16 10:12; Base7; 01/11/16 20:10
AA117; Base7; 01/11/16 23:22; Base2; 01/12/16 00:39
AA117; Base2; 01/12/16 01:16; Base1; 01/12/16 08:49
AA117; Base1; 01/12/16 11:20; Base9; 01/12/16 11:24
AA117; Base9; 01/12/16 16:04; Base1; 01/12/16 18:48
AA117; Base1; 01/12/16 21:44; Base2; 01/12/16 22:14
AA117; Base2; 01/13/16 02:25; Base9; 01/13/16 00:40
AA117; Base9; 01/13/16 03:32; Base3; 01/13/16 12:33
AA117; Base3; 01/13/16 15:49; Base8; 01/13/16 19:49
AA117; Base8; 01/13/16 22:45; Base2; 01/14/16 04:35
AA117; Base2; 01/14/16 07:08; Base10; 01/14/16 12:39
AA117; Base10; 01/14/16 17:11; Base6; 01/14/16 19:23
AA117; Base6; 01/14/16 21:34; Base3; 01/15/16 04:19
AA117; Base3; 01/15/16 06:42; Base2; 01/15/16 15:02
AA117; Base2; 01/15/16 17:23; Base9; 01/15/16 20:19
AA117; Base9; 01/15/16 22:28; Base2; 01/16/16 02:28
AA118; ; ; Base4; 01/01/16 09:56
AA118; Base4; 01/01/16 10:17; Base2; 01/01/16 14:27
AA118; Base2; 01/01/16 15:40; Base2; 01/01/16 19:25
AA118; Base2; 01/02/16 00:27; Base3; 01/02/16 06:28
AA118; Base3; 01/02/16 09:26; Base3; 01/02/16 12:29
AA118; Base3; 01/02/16 13:42; Base1; 01/02/16 19:04
AA118; Base1; 01/03/16 00:13; Base8; 01/03/16 01:36
AA118; Base8; 01/03/16 05:28; Base7; 01/03/16 10:32
AA118; Base7; 01/03/16 14:44; Base3; 01/03/16 15:01
AA118; Base3; 01/03/16 19:38; Base5; 01/04/16 01:59
AA118; Base5; 01/04/16 06:53; Base10; 01/04/16 10:13
AA118; Base10; 01/04/16 14:49; Base5; 01/04/16 15:49
AA118; Base5; 01/04/16 18:49; Base8; 01/04/16 18:32
AA118; Base8; 01/04/16 19:49; Base4; 01/05/16 00:10
AA118; Base4; 01/05/16 00:45; Base6; 01/05/16 07:50
AA118; Base6; 01/05/16 09:23; Base2; 01/05/16 12:33
AA118; Base2; 01/05/16 16:59; Base8; 01/05/16 23:56
AA118; Base8; 01/06/16 01:13; Base1; 01/06/16 05:47
AA118; Base1; 01/06/16 09:15; Base6; 01/06/16 14:54
AA118; Base6; 01/06/16 17:45; Base8; 01/06/16 20:04
AA118; Base8; 01/07/16 00:09; Base7; 01/07/16 04:00
AA118; Base7; 01/07/16 06:05; Base1; 01/07/16 11:14
AA118; Base1; 01/07/16 14:56; Base5; 01/07/16 15:32
AA118; Base5; 01/07/16 15:55; Base6; 01/07/16 20:24
AA118; Base6; 01/08/16 01:16; Base4; 01/08/16 07:53
AA118; Base4; 01/08/16 12:25; Base10; 01/08/16 16:44
AA118; Base10; 01/08/16 19:59; Base7; 01/08/16 23:27
AA118; Base7; 01/09/16 03:26; Base4; 01/09/16 08:06
AA118; Base4; 01/09/16 08:44; Base10; 01/09/16 11:37
AA118; Base10; 01/09/16 16:46; Base2; 01/09/16 19:43
AA118; Base2; 01/10/16 00:43; Base4; 01/10/16 01:24
AA118; Base4; 01/10/16 03:44; Base4; 01/10/16 05:16
AA118; Base4; 01/10/16 06:04; Base7; 01/10/16 11:50
AA118; Base7; 01/10/16 16:07; Base3; 01/10/16 19:45
AA118; Base3; 01/10/16 20:24; Base5; 01/11/16 03:37
AA118; Base5; 01/11/16 08:09; Base10; 01/11/16 08:08
AA118; Base10; 01/11/16 09:52; Base8; 01/11/16 15:23
AA118; Base8; 01/11/16 18:50; Base7; 01/12/16 02:59
AA118; Base7; 01/12/16 04:36; Base9; 01/12/16 06:15
AA118; Base9; 01/12/16 10:13; Base3; 01/12/16 15:22
AA118; Base3; 01/12/16 17:44; Base10; 01/13/16 01:33
AA118; Base10; 01/13/16 04:27; Base1; 01/13/16 07:02
AA118; Base1; 01/13/16 10:01; Base9; 01/13/16 14:46
AA118; Base9; 01/13/16 16:42; Base5; 01/14/16 00:45
AA118; Base5; 01/14/16 01:38; Base3; 01/14/16 04:12
AA118; Base3; 01/14/16 08:06; Base4; 01/14/16 15:56
AA118; Base4; 01/14/16 20:50; Base7; 01/15/16 02:30
AA118; Base7; 01/15/16 07:02; Base6; 01/15/16 05:45
AA118; Base6; 01/15/16 09:01; Base3; 01/15/16 08:44
AA118; Base3; 01/15/16 11:17; Base4; 01/15/16 12:58
AA119; ; ; Base4; 01/01/16 06:04
AA119; Base4; 01/01/16 10:46; Base4; 01/01/16 15:18
AA119; Base4; 01/01/16 16:01; Base6; 01/02/16 03:03
AA119; Base6; 01/02/16 04:43; Base8; 01/02/16 08:25
AA119; Base8; 01/02/16 12:40; Base2; 01/02/16 12:37
AA119; Base2; 01/02/16 15:05; Base8; 01/02/16 22:43
AA119; Base8; 01/03/16 00:50; Base1; 01/03/16 08:53
AA119; Base1; 01/03/16 10:12; Base5; 01/03/16 20:01
AA119; Base5; 01/04/16 01:05; Base8; 01/03/16 22:48
AA119; Base8; 01/04/16 01:38; Base6; 01/04/16 02:58
AA119; Base6; 01/04/16 08:07; Base7; 01/04/16 13:34
AA119; Base7; 01/04/16 16:18; Base3; 01/05/16 00:57
AA119; Base3; 01/05/16 04:05; Base8; 01/05/16 10:07
AA119; Base8; 01/05/16 13:08; Base10; 01/05/16 21:45
AA119; Base10; 01/05/16 23:37; Base6; 01/06/16 00:39
AA119; Base6; 01/06/16 03:42; Base5; 01/06/16 11:42
AA119; Base5; 01/06/16 12:08; Base9; 01/06/16 20:56
AA119; Base9; 01/06/16 22:34; Base4; 01/07/16 03:56
AA119; Base4; 01/07/16 05:40; Base2; 01/07/16 07:57
AA119; Base2; 01/07/16 12:42; Base5; 01/07/16 13:30
AA119; Base5; 01/07/16 18:41; Base5; 01/07/16 17:37
AA119; Base5; 01/07/16 19:50; Base9; 01/08/16 01:55
AA119; Base9; 01/08/16 06:20; Base9; 01/08/16 08:47
AA119; Base9; 01/08/16 12:06; Base10; 01/08/16 14:24
AA119; Base10; 01/08/16 18:25; Base10; 01/08/16 20:25
AA119; Base10; 01/08/16 22:19; Base1; 01/09/16 04:00
AA119; Base1; 01/09/16 06:40; Base1; 01/09/16 07:18
AA119; Base1; 01/09/16 07:39; Base1; 01/09/16 15:52
AA119; Base1; 01/09/16 16:51; Base1; 01/09/16 22:38
AA119; Base1; 01/10/16 02:53; Base5; 01/10/16 04:26
AA119; Base5; 01/10/16 05:01; Base1; 01/10/16 07:18
AA119; Base1; 01/10/16 11:51; Base9; 01/10/16 12:01
AA119; Base9; 01/10/16 13:28; Base3; 01/10/16 19:07
AA119; Base3; 01/10/16 21:12; Base5; 01/11/16 04:50
AA119; Base5; 01/11/16 05:59; Base8; 01/11/16 16:02
AA119; Base8; 01/11/16 20:48; Base4; 01/11/16 22:36
AA119; Base4; 01/12/16 02:04; Base4; 01/12/16 07:05
AA119; Base4; 01/12/16 12:20; Base2; 01/12/16 19:04
AA119; Base2; 01/12/16 22:27; Base2; 01/12/16 21:42
AA119; Base2; 01/13/16 00:47; Base4; 01/13/16 08:35
AA119; Base4; 01/13/16 13:42; Base2; 01/13/16 15:13
AA119; Base2; 01/13/16 15:47; Base7; 01/14/16 01:51
AA119; Base7; 01/14/16 02:52; Base7; 01/14/16 06:58
AA119; Base7; 01/14/16 11:48; Base2; 01/14/16 15:14
AA119; Base2; 01/14/16 17:40; Base2; 01/14/16 20:57
AA119; Base2; 01/15/16 00:59; Base9; 01/15/16 05:21
AA119; Base9; 01/15/16 08:11; Base8; 01/15/16 16:53
AA119; Base8; 01/15/16 18:00; Base5; 01/16/16 03:16
AA119; Base5; 01/16/16 07:47; Base9; 01/16/16 14:37
AA119; Base9; 01/16/16 19:14; Base1; 01/16/16 22:36
AA1110; ; ; Base3; 01/01/16 05:30
AA1110; Base3; 01/01/16 09:58; Base9; 01/01/16 14:33
AA1110; Base9; 01/01/16 17:30; Base4; 01/01/16 19:55
AA1110; Base4; 01/01/16 23:03; Base3; 01/02/16 06:06
AA1110; Base3; 01/02/16 08:43; Base4; 01/02/16 10:44
AA1110; Base4; 01/02/16 14:51; Base10; 01/02/16 22:39
AA1110; Base10; 01/02/16 23:15; Base8; 01/03/16 06:08
AA1110; Base8; 01/03/16 11:25; Base10; 01/03/16 16:46
AA1110; Base10; 01/03/16 19:49; Base3; 01/03/16 19:10
AA1110; Base3; 01/03/16 19:59; Base8; 01/04/16 00:41
AA1110; Base8; 01/04/16 02:43; Base9; 01/04/16 08:18
AA1110; Base9; 01/04/16 13:06; Base4; 01/04/16 19:54
AA1110; Base4; 01/04/16 23:21; Base8; 01/05/16 01:38
AA1110; Base8; 01/05/16 06:05; Base1; 01/05/16 05:14
AA1110; Base1; 01/05/16 09:29; Base4; 01/05/16 14:39
AA1110; Base4; 01/05/16 16:12; Base2; 01/06/16 01:37
AA1110; Base2; 01/06/16 03:24; Base10; 01/06/16 07:23
AA1110; Base10; 01/06/16 08:32; Base9; 01/06/16 15:28
AA1110; Base9; 01/06/16 20:48; Base4; 01/06/16 22:41
AA1110; Base4; 01/07/16 01:01; Base4; 01/07/16 03:09
AA1110; Base4; 01/07/16 06:54; Base10; 01/07/16 14:32
AA1110; Base10; 01/07/16 14:54; Base7; 01/08/16 01:57
AA1110; Base7; 01/08/16 06:57; Base8; 01/08/16 06:36
AA1110; Base8; 01/08/16 10:54; Base4; 01/08/16 14:30
AA1110; Base4; 01/08/16 17:46; Base9; 01/08/16 19:54
AA1110; Base9; 01/09/16 00:33; Base7; 01/09/16 02:10
AA1110; Base7; 01/09/16 06:39; Base7; 01/09/16 06:31
AA1110; Base7; 01/09/16 08:51; Base6; 01/09/16 13:29
AA1110; Base6; 01/09/16 17:56; Base9; 01/09/16 16:54
AA1110; Base9; 01/09/16 20:06; Base8; 01/09/16 23:25
AA1110; Base8; 01/10/16 01:42; Base5; 01/10/16 09:06
AA1110; Base5; 01/10/16 13:41; Base3; 01/10/16 17:00
AA1110; Base3; 01/10/16 22:10; Base1; 01/11/16 01:03
AA1110; Base1; 01/11/16 01:51; Base10; 01/11/16 08:27
AA1110; Base10; 01/11/16 12:42; Base2; 01/11/16 15:04
AA1110; Base2; 01/11/16 17:38; Base9; 01/11/16 19:58
AA1110; Base9; 01/11/16 22:43; Base4; 01/12/16 01:17
AA1110; Base4; 01/12/16 02:25; Base3; 01/12/16 13:10
AA1110; Base3; 01/12/16 18:23; Base10; 01/12/16 19:10
AA1110; Base10; 01/12/16 21:31; Base7; 01/13/16 05:50
AA1110; Base7; 01/13/16 10:51; Base8; 01/13/16 13:36
AA1110; Base8; 01/13/16 18:23; Base2; 01/13/16 22:08
AA1110; Base2; 01/14/16 00:29; Base7; 01/14/16 10:04
AA1110; Base7; 01/14/16 13:40; Base2; 01/14/16 22:01
AA1110; Base2; 01/15/16 01:12; Base10; 01/15/16 06:21
AA1110; Base10; 01/15/16 09:18; Base3; 01/15/16 15:06
AA1110; Base3; 01/15/16 15:36; Base7; 01/15/16 22:42
AA1110; Base7; 01/16/16 03:30; Base4; 01/16/16 01:40
AA1110; Base4; 01/16/16 03:34; Base3; 01/16/16 05:09
AA1110; Base3; 01/16/16 06:52; Base3; 01/16/16 08:11
AA1111; ; ; Base6; 01/01/16 06:42
AA1111; Base6; 01/01/16 09:20; Base5; 01/01/16 10:08
AA1111; Base5; 01/01/16 13:59; Base9; 01/01/16 20:16
AA1111; Base9; 01/01/16 22:54; Base10; 01/02/16 00:46
AA1111; Base10; 01/02/16 02:47; Base1; 01/02/16 07:31
AA1111; Base1; 01/02/16 08:51; Base5; 01/02/16 14:47
AA1111; Base5; 01/02/16 16:58; Base10; 01/03/16 00:24
AA1111; Base10; 01/03/16 03:52; Base6; 01/03/16 10:45
AA1111; Base6; 01/03/16 11:34; Base9; 01/03/16 20:08
AA1111; Base9; 01/03/16 21:22; Base10; 01/04/16 01:21
AA1111; Base10; 01/04/16 04:53; Base7; 01/04/16 09:20
AA1111; Base7; 01/04/16 13:46; Base6; 01/04/16 12:16
AA1111; Base6; 01/04/16 15:19; Base8; 01/04/16 16:43
AA1111; Base8; 01/04/16 17:29; Base1; 01/04/16 23:23
AA1111; Base1; 01/05/16 03:11; Base4; 01/05/16 09:25
AA1111; Base4; 01/05/16 14:32; Base1; 01/05/16 16:49
AA1111; Base1; 01/05/16 21:44; Base8; 01/06/16 02:39
AA1111; Base8; 01/06/16 07:14; Base8; 01/06/16 06:31
AA1111; Base8; 01/06/16 08:28; Base9; 01/06/16 11:06
AA1111; Base9; 01/06/16 14:18; Base3; 01/06/16 18:59
AA1111; Base3; 01/06/16 21:32; Base5; 01/07/16 05:01
AA1111; Base5; 01/07/16 08:44; Base10; 01/07/16 10:06
AA1111; Base10; 01/07/16 11:45; Base7; 01/07/16 19:40
AA1111; Base7; 01/07/16 20:58; Base2; 01/07/16 23:16
AA1111; Base2; 01/08/16 03:43; Base8; 01/08/16 02:22
AA1111; Base8; 01/08/16 05:59; Base9; 01/08/16 09:30
AA1111; Base9; 01/08/16 14:43; Base1; 01/08/16 14:36
AA1111; Base1; 01/08/16 16:46; Base4; 01/09/16 02:21
AA1111; Base4; 01/09/16 03:22; Base4; 01/09/16 13:32
AA1111; Base4; 01/09/16 16:57; Base6; 01/09/16 20:44
AA1111; Base6; 01/09/16 23:43; Base1; 01/09/16 23:25
AA1111; Base1; 01/10/16 04:00; Base3; 01/10/16 05:05
AA1111; Base3; 01/10/16 05:40; Base1; 01/10/16 16:29
AA1111; Base1; 01/10/16 19:49; Base2; 01/11/16 01:25
AA1111; Base2; 01/11/16 02:07; Base1; 01/11/16 09:45
AA1111; Base1; 01/11/16 10:33; Base3; 01/11/16 19:43
AA1111; Base3; 01/12/16 00:21; Base7; 01/11/16 23:08
AA1111; Base7; 01/12/16 02:03; Base4; 01/12/16 07:47
AA1111; Base4; 01/12/16 08:52; Base1; 01/12/16 11:18
AA1111; Base1; 01/12/16 12:16; Base5; 01/12/16 23:01
AA1111; Base5; 01/13/16 03:08; Base6; 01/13/16 04:12
AA1111; Base6; 01/13/16 08:19; Base9; 01/13/16 09:10
AA1111; Base9; 01/13/16 14:12; Base3; 01/13/16 15:29
AA1111; Base3; 01/13/16 17:10; Base3; 01/14/16 03:03
AA1111; Base3; 01/14/16 04:53; Base6; 01/14/16 06:06
AA1111; Base6; 01/14/16 10:26; Base6; 01/14/16 14:36
AA1111; Base6; 01/14/16 16:07; Base7; 01/15/16 00:39
AA1111; Base7; 01/15/16 05:11; Base10; 01/15/16 08:00
AA1111; Base10; 01/15/16 11:36; Base10; 01/15/16 13:04
AA1111; Base10; 01/15/16 14:24; Base2; 01/16/16 00:49
AA1112; ; ; Base6; 01/01/16 02:24
AA1112; Base6; 01/01/16 07:16; Base2; 01/01/16 05:12
AA1112; Base2; 01/01/16 10:08; Base2; 01/01/16 15:17
AA1112; Base2; 01/01/16 16:30; Base6; 01/01/16 21:35
AA1112; Base6; 01/02/16 00:31; Base10; 01/02/16 02:02
AA1112; Base10; 01/02/16 04:26; Base1; 01/02/16 11:06
AA1112; Base1; 01/02/16 13:10; Base1; 01/02/16 21:12
AA1112; Base1; 01/03/16 01:14; Base6; 01/03/16 03:07
AA1112; Base6; 01/03/16 04:24; Base2; 01/03/16 13:22
AA1112; Base2; 01/03/16 13:47; Base9; 01/03/16 21:53
AA1112; Base9; 01/04/16 01:15; Base8; 01/04/16 05:31
AA1112; Base8; 01/04/16 06:17; Base8; 01/04/16 11:35
AA1112; Base8; 01/04/16 13:47; Base9; 01/04/16 22:03
AA1112; Base9; 01/05/16 02:47; Base1; 01/05/16 01:42
AA1112; Base1; 01/05/16 04:14; Base4; 01/05/16 11:08
AA1112; Base4; 01/05/16 13:41; Base2; 01/05/16 17:22
AA1112; Base2; 01/05/16 22:11; Base3; 01/05/16 22:47
AA1112; Base3; 01/06/16 02:40; Base2; 01/06/16 05:07
AA1112; Base2; 01/06/16 07:46; Base1; 01/06/16 08:18
AA1112; Base1; 01/06/16 09:43; Base7; 01/06/16 17:26
AA1112; Base7; 01/06/16 20:34; Base10; 01/07/16 04:00
AA1112; Base10; 01/07/16 06:47; Base3; 01/07/16 09:50
AA1112; Base3; 01/07/16 11:27; Base5; 01/07/16 16:43
AA1112; Base5; 01/07/16 17:58; Base9; 01/07/16 22:59
AA1112; Base9; 01/08/16 00:26; Base3; 01/08/16 04:58
AA1112; Base3; 01/08/16 09:01; Base1; 01/08/16 11:31
AA1112; Base1; 01/08/16 12:32; Base9; 01/08/16 20:27
AA1112; Base9; 01/08/16 23:30; Base2; 01/09/16 04:41
AA1112; Base2; 01/09/16 08:51; Base5; 01/09/16 14:29
AA1112; Base5; 01/09/16 15:42; Base8; 01/09/16 22:31
AA1112; Base8; 01/10/16 03:27; Base8; 01/10/16 03:20
AA1112; Base8; 01/10/16 04:36; Base8; 01/10/16 06:24
AA1112; Base8; 01/10/16 09:15; Base5; 01/10/16 16:16
AA1112; Base5; 01/10/16 19:58; Base6; 01/11/16 02:52
AA1112; Base6; 01/11/16 05:07; Base6; 01/11/16 12:02
AA1112; Base6; 01/11/16 16:52; Base10; 01/11/16 22:31
AA1112; Base10; 01/11/16 22:52; Base1; 01/12/16 00:56
AA1112; Base1; 01/12/16 03:24; Base4; 01/12/16 03:33
AA1112; Base4; 01/12/16 05:23; Base4; 01/12/16 14:51
AA1112; Base4; 01/12/16 15:53; Base6; 01/12/16 20:31
AA1112; Base6; 01/13/16 00:20; Base7; 01/13/16 02:36
AA1112; Base7; 01/13/16 07:41; Base1; 01/13/16 09:33
AA1112; Base1; 01/13/16 12:50; Base9; 01/13/16 16:15
AA1112; Base9; 01/13/16 20:19; Base5; 01/13/16 22:51
AA1112; Base5; 01/14/16 01:41; Base5; 01/14/16 05:43
AA1112; Base5; 01/14/16 06:24; Base9; 01/14/16 08:57
AA1112; Base9; 01/14/16 12:51; Base9; 01/14/16 19:37
AA1112; Base9; 01/14/16 21:56; Base10; 01/14/16 23:21
AA1112; Base10; 01/15/16 02:06; Base1; 01/15/16 10:22
AA1112; Base1; 01/15/16 13:21; Base8; 01/15/16 14:59
AA1113; ; ; Base6; 01/01/16 03:18
AA1113; Base6; 01/01/16 06:53; Base5; 01/01/16 12:07
AA1113; Base5; 01/01/16 13:40; Base7; 01/01/16 21:44
AA1113; Base7; 01/02/16 02:56; Base1; 01/02/16 00:57
AA1113; Base1; 01/02/16 01:32; Base6; 01/02/16 11:22
AA1113; Base6; 01/02/16 15:44; Base7; 01/02/16 16:51
AA1113; Base7; 01/02/16 17:26; Base3; 01/03/16 02:56
AA1113; Base3; 01/03/16 08:08; Base8; 01/03/16 10:02
AA1113; Base8; 01/03/16 11:39; Base9; 01/03/16 15:18
AA1113; Base9; 01/03/16 16:08; Base9; 01/04/16 01:32
AA1113; Base9; 01/04/16 06:22; Base6; 01/04/16 12:34
AA1113; Base6; 01/04/16 16:26; Base9; 01/04/16 16:40
AA1113; Base9; 01/04/16 21:48; Base4; 01/05/16 02:21
AA1113; Base4; 01/05/16 03:46; Base8; 01/05/16 08:02
AA1113; Base8; 01/05/16 11:17; Base5; 01/05/16 13:07
AA1113; Base5; 01/05/16 15:55; Base3; 01/05/16 15:45
AA1113; Base3; 01/05/16 16:57; Base4; 01/05/16 20:54
AA1113; Base4; 01/06/16 00:34; Base5; 01/06/16 01:16
AA1113; Base5; 01/06/16 02:34; Base7; 01/06/16 05:20
AA1113; Base7; 01/06/16 10:24; Base8; 01/06/16 13:07
AA1113; Base8; 01/06/16 17:20; Base7; 01/07/16 00:43
AA1113; Base7; 01/07/16 02:24; Base10; 01/07/16 03:42
AA1113; Base10; 01/07/16 07:27; Base5; 01/07/16 10:40
AA1113; Base5; 01/07/16 12:55; Base1; 01/07/16 15:06
AA1113; Base1; 01/07/16 20:19; Base6; 01/07/16 20:42
AA1113; Base6; 01/07/16 23:21; Base9; 01/08/16 03:02
AA1113; Base9; 01/08/16 08:00; Base8; 01/08/16 10:27
AA1113; Base8; 01/08/16 14:55; Base10; 01/08/16 22:09
AA1113; Base10; 01/09/16 00:52; Base10; 01/09/16 04:12
AA1113; Base10; 01/09/16 06:54; Base6; 01/09/16 08:06
AA1113; Base6; 01/09/16 12:53; Base2; 01/09/16 16:49
AA1113; Base2; 01/09/16 22:05; Base7; 01/09/16 21:55
AA1113; Base7; 01/10/16 00:59; Base9; 01/10/16 01:35
AA1113; Base9; 01/10/16 02:57; Base6; 01/10/16 11:59
AA1113; Base6; 01/10/16 16:36; Base9; 01/10/16 15:33
AA1113; Base9; 01/10/16 18:16; Base9; 01/10/16 18:41
AA1113; Base9; 01/10/16 21:32; Base2; 01/11/16 01:03
AA1113; Base2; 01/11/16 04:24; Base3; 01/11/16 11:49
AA1113; Base3; 01/11/16 14:27; Base8; 01/11/16 14:46
AA1113; Base8; 01/11/16 17:45; Base9; 01/11/16 21:01
AA1113; Base9; 01/11/16 22:45; Base4; 01/12/16 00:05
AA1113; Base4; 01/12/16 01:37; Base6; 01/12/16 06:31
AA1113; Base6; 01/12/16 11:32; Base9; 01/12/16 17:33
AA1113; Base9; 01/12/16 22:23; Base1; 01/13/16 03:05
AA1113; Base1; 01/13/16 07:34; Base6; 01/13/16 05:31
AA1113; Base6; 01/13/16 08:32; Base3; 01/13/16 10:06
AA1113; Base3; 01/13/16 10:47; Base5; 01/13/16 13:19
AA1113; Base5; 01/13/16 18:09; Base4; 01/13/16 19:58
AA1113; Base4; 01/14/16 00:41; Base4; 01/14/16 03:50
AA1113; Base4; 01/14/16 04:33; Base8; 01/14/16 07:36
AA1114; ; ; Base6; 01/01/16 08:50
AA1114; Base6; 01/01/16 11:37; Base5; 01/01/16 16:05
AA1114; Base5; 01/01/16 17:01; Base3; 01/01/16 22:13
AA1114; Base3; 01/02/16 03:25; Base3; 01/02/16 08:40
AA1114; Base3; 01/02/16 11:01; Base6; 01/02/16 16:41
AA1114; Base6; 01/02/16 20:45; Base4; 01/03/16 01:20
AA1114; Base4; 01/03/16 03:37; Base8; 01/03/16 11:40
AA1114; Base8; 01/03/16 16:32; Base9; 01/03/16 15:07
AA1114; Base9; 01/03/16 15:39; Base6; 01/04/16 01:49
AA1114; Base6; 01/04/16 06:32; Base1; 01/04/16 09:07
AA1114; Base1; 01/04/16 12:17; Base5; 01/04/16 20:23
AA1114; Base5; 01/04/16 20:48; Base4; 01/05/16 05:42
AA1114; Base4; 01/05/16 08:25; Base5; 01/05/16 13:20
AA1114; Base5; 01/05/16 18:35; Base6; 01/06/16 00:52
AA1114; Base6; 01/06/16 03:20; Base3; 01/06/16 07:39
AA1114; Base3; 01/06/16 11:37; Base6; 01/06/16 18:02
AA1114; Base6; 01/06/16 21:08; Base3; 01/07/16 01:21
AA1114; Base3; 01/07/16 01:57; Base7; 01/07/16 05:07
AA1114; Base7; 01/07/16 07:29; Base7; 01/07/16 09:38
AA1114; Base7; 01/07/16 10:49; Base1; 01/07/16 13:15
AA1114; Base1; 01/07/16 14:23; Base7; 01/07/16 20:21
AA1114; Base7; 01/08/16 01:27; Base10; 01/07/16 23:54
AA1114; Base10; 01/08/16 04:33; Base3; 01/08/16 07:02
AA1114; Base3; 01/08/16 10:31; Base1; 01/08/16 17:15
AA1114; Base1; 01/08/16 21:00; Base4; 01/09/16 04:20
AA1114; Base4; 01/09/16 07:32; Base10; 01/09/16 09:04
AA1114; Base10; 01/09/16 12:49; Base4; 01/09/16 14:11
AA1114; Base4; 01/09/16 15:47; Base9; 01/09/16 17:24
AA1114; Base9; 01/09/16 21:45; Base8; 01/10/16 00:54
AA1114; Base8; 01/10/16 03:00; Base5; 01/10/16 07:30
AA1114; Base5; 01/10/16 12:22; Base7; 01/10/16 11:18
AA1114; Base7; 01/10/16 16:18; Base8; 01/10/16 19:08
AA1114; Base8; 01/10/16 20:47; Base6; 01/11/16 02:00
AA1114; Base6; 01/11/16 06:54; Base9; 01/11/16 07:28
AA1114; Base9; 01/11/16 08:42; Base6; 01/11/16 18:45
AA1114; Base6; 01/11/16 22:25; Base4; 01/12/16 05:55
AA1114; Base4; 01/12/16 09:16; Base1; 01/12/16 16:10
AA1114; Base1; 01/12/16 19:09; Base2; 01/12/16 19:05
AA1114; Base2; 01/12/16 20:39; Base9; 01/13/16 05:17
AA1114; Base9; 01/13/16 06:52; Base3; 01/13/16 11:19
AA1114; Base3; 01/13/16 15:05; Base7; 01/13/16 14:12
AA1114; Base7; 01/13/16 16:28; Base3; 01/14/16 01:59
AA1114; Base3; 01/14/16 04:38; Base1; 01/14/16 12:07
AA1114; Base1; 01/14/16 15:07; Base4; 01/14/16 16:19
AA1114; Base4; 01/14/16 19:14; Base8; 01/15/16 01:42
AA1114; Base8; 01/15/16 02:18; Base9; 01/15/16 10:36
AA1114; Base9; 01/15/16 11:24; Base10; 01/15/16 22:05
AA1114; Base10; 01/16/16 00:00; Base1; 01/16/16 06:23
AA1114; Base1; 01/16/16 08:35; Base7; 01/16/16 10:11
AA1114; Base7; 01/16/16 15:29; Base3; 01/16/16 17:33
AA1115; ; ; Base2; 01/01/16 08:31
AA1115; Base2; 01/01/16 08:58; Base1; 01/01/16 15:41
AA1115; Base1; 01/01/16 18:21; Base6; 01/02/16 02:39
AA1115; Base6; 01/02/16 07:29; Base3; 01/02/16 05:42
AA1115; Base3; 01/02/16 08:25; Base4; 01/02/16 13:49
AA1115; Base4; 01/02/16 17:16; Base3; 01/03/16 01:13
AA1115; Base3; 01/03/16 01:42; Base9; 01/03/16 07:50
AA1115; Base9; 01/03/16 10:46; Base1; 01/03/16 12:11
AA1115; Base1; 01/03/16 15:16; Base6; 01/03/16 18:50
AA1115; Base6; 01/03/16 19:34; Base5; 01/04/16 00:48
AA1115; Base5; 01/04/16 01:20; Base10; 01/04/16 10:18
AA1115; Base10; 01/04/16 13:13; Base3; 01/04/16 21:42
AA1115; Base3; 01/05/16 03:01; Base4; 01/05/16 07:23
AA1115; Base4; 01/05/16 10:43; Base5; 01/05/16 10:50
AA1115; Base5; 01/05/16 11:39; Base5; 01/05/16 15:45
AA1115; Base5; 01/05/16 18:21; Base7; 01/05/16 19:25
AA1115; Base7; 01/05/16 21:46; Base9; 01/06/16 00:46
AA1115; Base9; 01/06/16 04:54; Base3; 01/06/16 05:29
AA1115; Base3; 01/06/16 07:42; Base5; 01/06/16 07:57
AA1115; Base5; 01/06/16 09:30; Base10; 01/06/16 13:08
AA1115; Base10; 01/06/16 15:52; Base6; 01/06/16 19:21
AA1115; Base6; 01/07/16 00:38; Base2; 01/07/16 00:21
AA1115; Base2; 01/07/16 02:21; Base8; 01/07/16 03:03
AA1115; Base8; 01/07/16 08:09; Base6; 01/07/16 07:05
AA1115; Base6; 01/07/16 12:00; Base9; 01/07/16 15:02
AA1115; Base9; 01/07/16 16:56; Base1; 01/07/16 21:41
AA1115; Base1; 01/07/16 23:48; Base4; 01/08/16 01:21
AA1115; Base4; 01/08/16 05:55; Base3; 01/08/16 03:57
AA1115; Base3; 01/08/16 07:56; Base3; 01/08/16 11:03
AA1115; Base3; 01/08/16 14:21; Base4; 01/08/16 22:49
AA1115; Base4; 01/09/16 00:07; Base1; 01/09/16 09:49
AA1115; Base1; 01/09/16 10:45; Base1; 01/09/16 20:33
AA1115; Base1; 01/09/16 23:28; Base1; 01/10/16 04:45
AA1115; Base1; 01/10/16 09:28; Base2; 01/10/16 16:14
AA1115; Base2; 01/10/16 19:23; Base7; 01/10/16 20:57
AA1115; Base7; 01/11/16 01:16; Base8; 01/11/16 07:01
AA1115; Base8; 01/11/16 10:54; Base10; 01/11/16 09:56
AA1115; Base10; 01/11/16 14:50; Base5; 01/11/16 13:26
AA1115; Base5; 01/11/16 14:43; Base3; 01/11/16 23:36
AA1115; Base3; 01/12/16 03:50; Base6; 01/12/16 07:51
AA1115; Base6; 01/12/16 10:42; Base4; 01/12/16 19:45
AA1115; Base4; 01/12/16 22:58; Base8; 01/13/16 04:10
AA1115; Base8; 01/13/16 05:14; Base9; 01/13/16 09:59
AA1115; Base9; 01/13/16 10:21; Base9; 01/13/16 15:02
AA1115; Base9; 01/13/16 19:44; Base8; 01/13/16 22:36
AA1115; Base8; 01/14/16 01:42; Base10; 01/14/16 02:43
AA1115; Base10; 01/14/16 07:59; Base9; 01/14/16 12:52
AA1115; Base9; 01/14/16 15:28; Base1; 01/14/16 15:36
AA1115; Base1; 01/14/16 17:11; Base4; 01/15/16 03:08
AA1115; Base4; 01/15/16 07:36; Base5; 01/15/16 13:31
AA1116; ; ; Base6; 01/01/16 10:14
AA1116; Base6; 01/01/16 13:42; Base4; 01/01/16 13:47
AA1116; Base4; 01/01/16 18:27; Base2; 01/01/16 21:42
AA1116; Base2; 01/01/16 23:02; Base3; 01/02/16 08:46
AA1116; Base3; 01/02/16 11:37; Base3; 01/02/16 19:42
AA1116; Base3; 01/02/16 22:06; Base1; 01/03/16 03:37
AA1116; Base1; 01/03/16 05:52; Base1; 01/03/16 10:53
AA1116; Base1; 01/03/16 12:15; Base9; 01/03/16 15:32
AA1116; Base9; 01/03/16 17:45; Base8; 01/03/16 18:27
AA1116; Base8; 01/03/16 20:23; Base4; 01/04/16 05:36
AA1116; Base4; 01/04/16 06:17; Base10; 01/04/16 15:22
AA1116; Base10; 01/04/16 19:09; Base2; 01/04/16 20:31
AA1116; Base2; 01/05/16 01:30; Base8; 01/05/16 05:51
AA1116; Base8; 01/05/16 07:23; Base6; 01/05/16 12:09
AA1116; Base6; 01/05/16 15:48; Base9; 01/05/16 22:39
AA1116; Base9; 01/06/16 00:32; Base7; 01/06/16 05:33
AA1116; Base7; 01/06/16 10:02; Base8; 01/06/16 15:20
AA1116; Base8; 01/06/16 18:10; Base9; 01/07/16 00:58
AA1116; Base9; 01/07/16 01:48; Base6; 01/07/16 12:40
AA1116; Base6; 01/07/16 16:38; Base7; 01/07/16 16:05
AA1116; Base7; 01/07/16 20:29; Base6; 01/07/16 23:56
AA1116; Base6; 01/08/16 02:49; Base8; 01/08/16 10:42
AA1116; Base8; 01/08/16 12:39; Base10; 01/08/16 21:03
AA1116; Base10; 01/09/16 01:09; Base9; 01/09/16 00:09
AA1116; Base9; 01/09/16 04:31; Base6; 01/09/16 05:41
AA1116; Base6; 01/09/16 10:47; Base1; 01/09/16 15:58
AA1116; Base1; 01/09/16 18:18; Base3; 01/09/16 20:38
AA1116; Base3; 01/10/16 00:13; Base8; 01/10/16 08:35
AA1116; Base8; 01/10/16 11:46; Base4; 01/10/16 17:35
AA1116; Base4; 01/10/16 19:58; Base4; 01/10/16 23:28
AA1116; Base4; 01/11/16 04:22; Base3; 01/11/16 06:42
AA1116; Base3; 01/11/16 09:29; Base3; 01/11/16 14:37
AA1116; Base3; 01/11/16 15:16; Base5; 01/12/16 01:27
AA1116; Base5; 01/12/16 04:29; Base8; 01/12/16 09:15
AA1116; Base8; 01/12/16 11:53; Base9; 01/12/16 17:18
AA1116; Base9; 01/12/16 19:23; Base3; 01/12/16 23:05
AA1116; Base3; 01/13/16 00:13; Base4; 01/13/16 04:21
AA1116; Base4; 01/13/16 08:12; Base1; 01/13/16 13:32
AA1116; Base1; 01/13/16 15:28; Base6; 01/14/16 00:35
AA1116; Base6; 01/14/16 02:52; Base9; 01/14/16 04:11
AA1116; Base9; 01/14/16 04:57; Base4; 01/14/16 14:51
AA1116; Base4; 01/14/16 20:07; Base6; 01/14/16 20:19
AA1116; Base6; 01/14/16 21:30; Base10; 01/15/16 06:47
AA1116; Base10; 01/15/16 10:46; Base8; 01/15/16 16:21
AA1116; Base8; 01/15/16 19:14; Base6; 01/15/16 23:01
AA1116; Base6; 01/16/16 03:23; Base6; 01/16/16 07:56
AA1116; Base6; 01/16/16 10:59; Base3; 01/16/16 10:58
AA1116; Base3; 01/16/16 12:21; Base7; 01/16/16 19:57
AA1116; Base7; 01/16/16 20:58; Base2; 01/17/16 06:48
AA1116; Base2; 01/17/16 07:54; Base2; 01/17/16 10:40
AA1117; ; ; Base5; 01/01/16 05:07
AA1117; Base5; 01/01/16 07:27; Base1; 01/01/16 16:30
AA1117; Base1; 01/01/16 18:27; Base5; 01/02/16 02:05
AA1117; Base5; 01/02/16 04:50; Base6; 01/02/16 13:30
AA1117; Base6; 01/02/16 14:09; Base9; 01/02/16 16:49
AA1117; Base9; 01/02/16 21:38; Base7; 01/02/16 21:06
AA1117; Base7; 01/02/16 21:37; Base5; 01/03/16 09:00
AA1117; Base5; 01/03/16 09:45; Base7; 01/03/16 17:00
AA1117; Base7; 01/03/16 20:54; Base5; 01/04/16 00:45
AA1117; Base5; 01/04/16 04:19; Base4; 01/04/16 05:12
AA1117; Base4; 01/04/16 06:51; Base3; 01/04/16 11:14
AA1117; Base3; 01/04/16 13:38; Base3; 01/04/16 18:39
AA1117; Base3; 01/04/16 20:25; Base7; 01/05/16 05:19
AA1117; Base7; 01/05/16 10:15; Base4; 01/05/16 16:53
AA1117; Base4; 01/05/16 17:48; Base2; 01/06/16 02:56
AA1117; Base2; 01/06/16 06:11; Base6; 01/06/16 13:28
AA1117; Base6; 01/06/16 13:51; Base9; 01/06/16 21:23
AA1117; Base9; 01/06/16 23:04; Base3; 01/07/16 04:24
AA1117; Base3; 01/07/16 04:59; Base2; 01/07/16 08:59
AA1117; Base2; 01/07/16 12:21; Base9; 01/07/16 13:17
AA1117; Base9; 01/07/16 17:10; Base9; 01/07/16 23:23
AA1117; Base9; 01/08/16 04:42; Base1; 01/08/16 03:44
AA1117; Base1; 01/08/16 05:18; Base4; 01/08/16 08:12
AA1117; Base4; 01/08/16 13:18; Base4; 01/08/16 15:28
AA1117; Base4; 01/08/16 19:23; Base5; 01/08/16 23:41
AA1117; Base5; 01/09/16 03:47; Base3; 01/09/16 10:55
AA1117; Base3; 01/09/16 13:47; Base7; 01/09/16 14:42
AA1117; Base7; 01/09/16 18:41; Base9; 01/09/16 20:46
AA1117; Base9; 01/10/16 01:25; Base5; 01/10/16 00:30
AA1117; Base5; 01/10/16 04:36; Base10; 01/10/16 12:07
AA1117; Base10; 01/10/16 14:23; Base6; 01/10/16 15:26
AA1117; Base6; 01/10/16 18:14; Base5; 01/11/16 03:13
AA1117; Base5; 01/11/16 06:53; Base10; 01/11/16 08:07
AA1117; Base10; 01/11/16 11:07; Base1; 01/11/16 13:23
AA1117; Base1; 01/11/16 15:14; Base10; 01/11/16 19:40
AA1117; Base10; 01/11/16 20:26; Base6; 01/12/16 00:50
AA1117; Base6; 01/12/16 04:05; Base3; 01/12/16 03:56
AA1117; Base3; 01/12/16 08:34; Base4; 01/12/16 13:17
AA1117; Base4; 01/12/16 14:39; Base8; 01/13/16 00:51
AA1117; Base8; 01/13/16 04:12; Base8; 01/13/16 12:04
AA1117; Base8; 01/13/16 13:40; Base1; 01/13/16 18:10
AA1117; Base1; 01/13/16 19:54; Base6; 01/14/16 02:45
AA1117; Base6; 01/14/16 06:21; Base9; 01/14/16 08:01
AA1117; Base9; 01/14/16 10:21; Base9; 01/14/16 12:26
AA1117; Base9; 01/14/16 15:52; Base2; 01/15/16 00:06
AA1117; Base2; 01/15/16 03:10; Base3; 01/15/16 08:48
AA1117; Base3; 01/15/16 10:57; Base7; 01/15/16 13:27
AA1117; Base7; 01/15/16 17:35; Base9; 01/15/16 17:50
AA1117; Base9; 01/15/16 22:14; Base5; 01/15/16 21:45
AA1117; Base5; 01/16/16 01:16; Base1; 01/16/16 08:34
AA1118; ; ; Base4; 01/01/16 11:13
AA1118; Base4; 01/01/16 14:07; Base9; 01/01/16 14:25
AA1118; Base9; 01/01/16 16:40; Base3; 01/01/16 23:46
AA1118; Base3; 01/02/16 04:44; Base1; 01/02/16 10:37
AA1118; Base1; 01/02/16 12:13; Base9; 01/02/16 14:15
AA1118; Base9; 01/02/16 17:19; Base4; 01/02/16 17:49
AA1118; Base4; 01/02/16 22:21; Base7; 01/03/16 03:49
AA1118; Base7; 01/03/16 05:14; Base7; 01/03/16 12:23
AA1118; Base7; 01/03/16 14:27; Base4; 01/03/16 20:34
AA1118; Base4; 01/03/16 23:22; Base4; 01/04/16 06:36
AA1118; Base4; 01/04/16 11:10; Base9; 01/04/16 11:16
AA1118; Base9; 01/04/16 13:31; Base9; 01/04/16 17:13
AA1118; Base9; 01/04/16 21:02; Base10; 01/05/16 01:06
AA1118; Base10; 01/05/16 04:18; Base10; 01/05/16 09:37
AA1118; Base10; 01/05/16 10:51; Base3; 01/05/16 13:38
AA1118; Base3; 01/05/16 18:53; Base8; 01/05/16 17:57
AA1118; Base8; 01/05/16 22:50; Base10; 01/06/16 04:36
AA1118; Base10; 01/06/16 05:49; Base6; 01/06/16 12:24
AA1118; Base6; 01/06/16 15:13; Base6; 01/06/16 16:23
AA1118; Base6; 01/06/16 16:51; Base4; 01/07/16 00:46
AA1118; Base4; 01/07/16 04:07; Base4; 01/07/16 06:18
AA1118; Base4; 01/07/16 09:51; Base7; 01/07/16 17:28
AA1118; Base7; 01/07/16 22:01; Base6; 01/08/16 03:01
AA1118; Base6; 01/08/16 07:28; Base2; 01/08/16 09:05
AA1118; Base2; 01/08/16 13:27; Base3; 01/08/16 20:45
AA1118; Base3; 01/08/16 23:13; Base5; 01/08/16 23:46
AA1118; Base5; 01/09/16 02:14; Base7; 01/09/16 03:14
AA1118; Base7; 01/09/16 05:21; Base3; 01/09/16 07:45
AA1118; Base3; 01/09/16 08:12; Base5; 01/09/16 11:58
AA1118; Base5; 01/09/16 14:57; Base10; 01/09/16 22:42
AA1118; Base10; 01/09/16 23:38; Base10; 01/10/16 06:43
AA1118; Base10; 01/10/16 09:11; Base7; 01/10/16 17:36
AA1118; Base7; 01/10/16 21:09; Base2; 01/11/16 04:53
AA1118; Base2; 01/11/16 05:39; Base3; 01/11/16 11:05
AA1118; Base3; 01/11/16 14:56; Base8; 01/11/16 15:39
AA1118; Base8; 01/11/16 19:09; Base10; 01/11/16 23:22
AA1118; Base10; 01/12/16 04:15; Base6; 01/12/16 07:32
AA1118; Base6; 01/12/16 10:04; Base7; 01/12/16 19:07
AA1118; Base7; 01/12/16 20:31; Base1; 01/13/16 04:02
AA1118; Base1; 01/13/16 07:10; Base5; 01/13/16 14:46
AA1118; Base5; 01/13/16 18:23; Base7; 01/14/16 00:36
AA1118; Base7; 01/14/16 03:28; Base4; 01/14/16 07:09
AA1118; Base4; 01/14/16 11:23; Base4; 01/14/16 12:50
AA1118; Base4; 01/14/16 16:49; Base10; 01/14/16 19:51
AA1118; Base10; 01/14/16 21:17; Base9; 01/15/16 06:55
AA1118; Base9; 01/15/16 07:22; Base9; 01/15/16 13:47
AA1118; Base9; 01/15/16 15:02; Base7; 01/15/16 17:47
AA1118; Base7; 01/15/16 21:58; Base6; 01/15/16 23:02
AA1118; Base6; 01/16/16 01:34; Base6; 01/16/16 02:00
AA1118; Base6; 01/16/16 02:58; Base4; 01/16/16 12:18
AA1119; ; ; Base5; 01/01/16 05:38
AA1119; Base5; 01/01/16 07:07; Base8; 01/01/16 13:08
AA1119; Base8; 01/01/16 16:39; Base3; 01/01/16 21:51
AA1119; Base3; 01/01/16 22:56; Base3; 01/02/16 01:51
AA1119; Base3; 01/02/16 06:59; Base1; 01/02/16 04:24
AA1119; Base1; 01/02/16 07:22; Base9; 01/02/16 09:40
AA1119; Base9; 01/02/16 13:19; Base10; 01/02/16 13:53
AA1119; Base10; 01/02/16 15:07; Base8; 01/02/16 17:19
AA1119; Base8; 01/02/16 20:06; Base9; 01/02/16 20:24
AA1119; Base9; 01/02/16 23:27; Base9; 01/02/16 22:50
AA1119; Base9; 01/03/16 03:34; Base8; 01/03/16 09:21
AA1119; Base8; 01/03/16 10:32; Base9; 01/03/16 16:38
AA1119; Base9; 01/03/16 21:24; Base4; 01/03/16 20:40
AA1119; Base4; 01/04/16 01:21; Base8; 01/04/16 01:40
AA1119; Base8; 01/04/16 06:44; Base2; 01/04/16 10:53
AA1119; Base2; 01/04/16 15:16; Base9; 01/04/16 19:26
AA1119; Base9; 01/04/16 20:11; Base4; 01/04/16 22:57
AA1119; Base4; 01/05/16 03:15; Base7; 01/05/16 03:24
AA1119; Base7; 01/05/16 08:21; Base5; 01/05/16 13:21
AA1119; Base5; 01/05/16 17:29; Base10; 01/05/16 17:01
AA1119; Base10; 01/05/16 18:25; Base6; 01/05/16 21:54
AA1119; Base6; 01/06/16 03:13; Base7; 01/06/16 04:54
AA1119; Base7; 01/06/16 07:26; Base8; 01/06/16 12:01
AA1119; Base8; 01/06/16 12:37; Base1; 01/06/16 18:40
AA1119; Base1; 01/06/16 19:10; Base6; 01/07/16 03:21
AA1119; Base6; 01/07/16 04:46; Base9; 01/07/16 06:49
AA1119; Base9; 01/07/16 11:47; Base1; 01/07/16 17:41
AA1119; Base1; 01/07/16 20:44; Base2; 01/07/16 21:42
AA1119; Base2; 01/08/16 02:54; Base4; 01/08/16 09:03
AA1119; Base4; 01/08/16 10:26; Base1; 01/08/16 12:06
AA1119; Base1; 01/08/16 17:24; Base5; 01/08/16 15:57
AA1119; Base5; 01/08/16 19:12; Base6; 01/09/16 01:18
AA1119; Base6; 01/09/16 05:33; Base10; 01/09/16 03:45
AA1119; Base10; 01/09/16 07:56; Base10; 01/09/16 14:04
AA1119; Base10; 01/09/16 17:37; Base2; 01/10/16 01:17
AA1119; Base2; 01/10/16 05:39; Base2; 01/10/16 11:01
AA1119; Base2; 01/10/16 15:58; Base4; 01/10/16 15:32
AA1119; Base4; 01/10/16 20:16; Base2; 01/10/16 20:25
AA1119; Base2; 01/10/16 23:58; Base6; 01/10/16 23:08
AA1119; Base6; 01/11/16 03:26; Base2; 01/11/16 03:34
AA1119; Base2; 01/11/16 04:50; Base5; 01/11/16 06:05
AA1119; Base5; 01/11/16 10:05; Base7; 01/11/16 09:51
AA1119; Base7; 01/11/16 15:03; Base2; 01/11/16 16:56
AA1119; Base2; 01/11/16 20:15; Base5; 01/12/16 01:28
AA1119; Base5; 01/12/16 02:11; Base3; 01/12/16 07:58
AA1119; Base3; 01/12/16 12:58; Base10; 01/12/16 16:26
AA1119; Base10; 01/12/16 19:47; Base5; 01/13/16 01:12
AA1119; Base5; 01/13/16 04:54; Base10; 01/13/16 08:10
AA1119; Base10; 01/13/16 11:28; Base10; 01/13/16 18:13
AA1119; Base10; 01/13/16 18:49; Base6; 01/13/16 23:26
AA1120; ; ; Base2; 01/01/16 09:10
AA1120; Base2; 01/01/16 10:26; Base1; 01/01/16 12:03
AA1120; Base1; 01/01/16 12:59; Base5; 01/01/16 22:31
AA1120; Base5; 01/02/16 03:36; Base3; 01/02/16 06:25
AA1120; Base3; 01/02/16 07:48; Base7; 01/02/16 12:10
AA1120; Base7; 01/02/16 12:50; Base4; 01/02/16 20:33
AA1120; Base4; 01/02/16 21:09; Base10; 01/03/16 01:10
AA1120; Base10; 01/03/16 05:40; Base8; 01/03/16 07:09
AA1120; Base8; 01/03/16 09:17; Base1; 01/03/16 13:20
AA1120; Base1; 01/03/16 15:59; Base7; 01/03/16 21:00
AA1120; Base7; 01/03/16 21:50; Base5; 01/04/16 07:13
AA1120; Base5; 01/04/16 10:37; Base1; 01/04/16 11:25
AA1120; Base1; 01/04/16 14:15; Base5; 01/04/16 21:54
AA1120; Base5; 01/05/16 02:02; Base8; 01/05/16 00:34
AA1120; Base8; 01/05/16 02:47; Base9; 01/05/16 04:05
AA1120; Base9; 01/05/16 09:14; Base10; 01/05/16 12:52
AA1120; Base10; 01/05/16 15:37; Base1; 01/05/16 21:29
AA1120; Base1; 01/06/16 01:41; Base1; 01/06/16 04:40
AA1120; Base1; 01/06/16 05:41; Base7; 01/06/16 13:19
AA1120; Base7; 01/06/16 16:55; Base4; 01/06/16 23:04
AA1120; Base4; 01/07/16 04:00; Base5; 01/07/16 04:44
AA1120; Base5; 01/07/16 09:48; Base3; 01/07/16 11:29
AA1120; Base3; 01/07/16 13:32; Base8; 01/07/16 14:05
AA1120; Base8; 01/07/16 16:41; Base1; 01/07/16 22:25
AA1120; Base1; 01/08/16 02:00; Base4; 01/08/16 06:36
AA1120; Base4; 01/08/16 11:23; Base1; 01/08/16 15:44
AA1120; Base1; 01/08/16 19:54; Base10; 01/09/16 00:22
AA1120; Base10; 01/09/16 04:05; Base4; 01/09/16 06:16
AA1120; Base4; 01/09/16 07:17; Base7; 01/09/16 11:28
AA1120; Base7; 01/09/16 15:34; Base5; 01/09/16 22:12
AA1120; Base5; 01/09/16 23:55; Base9; 01/10/16 02:03
AA1120; Base9; 01/10/16 03:49; Base5; 01/10/16 07:32
AA1120; Base5; 01/10/16 10:24; Base7; 01/10/16 18:48
AA1120; Base7; 01/10/16 22:01; Base1; 01/10/16 21:26
AA1120; Base1; 01/10/16 21:53; Base1; 01/11/16 04:20
AA1120; Base1; 01/11/16 06:31; Base4; 01/11/16 11:51
AA1120; Base4; 01/11/16 13:57; Base4; 01/11/16 15:41
AA1120; Base4; 01/11/16 18:21; Base2; 01/11/16 22:46
AA1120; Base2; 01/12/16 03:17; Base7; 01/12/16 07:38
AA1120; Base7; 01/12/16 09:14; Base7; 01/12/16 19:27
AA1120; Base7; 01/13/16 00:02; Base2; 01/13/16 02:38
AA1120; Base2; 01/13/16 03:44; Base6; 01/13/16 05:03
AA1120; Base6; 01/13/16 06:57; Base1; 01/13/16 11:09
AA1120; Base1; 01/13/16 13:44; Base3; 01/13/16 19:41
AA1120; Base3; 01/14/16 00:17; Base5; 01/14/16 05:59
AA1120; Base5; 01/14/16 06:43; Base3; 01/14/16 16:28
AA1120; Base3; 01/14/16 19:08; Base10; 01/14/16 22:46
AA1120; Base10; 01/15/16 01:59; Base10; 01/15/16 08:31
AA1120; Base10; 01/15/16 10:29; Base3; 01/15/16 12:30
AA1120; Base3; 01/15/16 13:11; Base2; 01/15/16 15:33
AA1121; ; ; Base9; 01/01/16 02:25
AA1121; Base9; 01/01/16 04:04; Base2; 01/01/16 05:26
AA1121; Base2; 01/01/16 07:41; Base9; 01/01/16 11:51
AA1121; Base9; 01/01/16 12:26; Base3; 01/01/16 16:59
AA1121; Base3; 01/01/16 20:50; Base1; 01/01/16 19:39
AA1121; Base1; 01/01/16 21:14; Base7; 01/02/16 01:58
AA1121; Base7; 01/02/16 04:59; Base2; 01/02/16 05:22
AA1121; Base2; 01/02/16 09:57; Base8; 01/02/16 14:10
AA1121; Base8; 01/02/16 18:04; Base7; 01/02/16 22:39
AA1121; Base7; 01/03/16 03:21; Base1; 01/03/16 06:09
AA1121; Base1; 01/03/16 11:01; Base7; 01/03/16 12:42
AA1121; Base7; 01/03/16 17:15; Base5; 01/03/16 20:43
AA1121; Base5; 01/04/16 00:14; Base10; 01/04/16 00:50
AA1121; Base10; 01/04/16 05:09; Base1; 01/04/16 07:51
AA1121; Base1; 01/04/16 10:45; Base7; 01/04/16 10:17
AA1121; Base7; 01/04/16 12:14; Base7; 01/04/16 17:16
AA1121; Base7; 01/04/16 22:21; Base1; 01/05/16 02:14
AA1121; Base1; 01/05/16 05:18; Base7; 01/05/16 05:41
AA1121; Base7; 01/05/16 08:01; Base9; 01/05/16 15:33
AA1121; Base9; 01/05/16 16:59; Base1; 01/05/16 18:32
AA1121; Base1; 01/05/16 19:27; Base1; 01/05/16 21:06
AA1121; Base1; 01/06/16 00:39; Base6; 01/05/16 23:36
AA1121; Base6; 01/06/16 00:24; Base4; 01/06/16 03:52
AA1121; Base4; 01/06/16 06:36; Base4; 01/06/16 12:03
AA1121; Base4; 01/06/16 13:42; Base6; 01/06/16 22:30
AA1121; Base6; 01/07/16 03:02; Base10; 01/07/16 04:11
AA1121; Base10; 01/07/16 05:08; Base6; 01/07/16 08:19
AA1121; Base6; 01/07/16 11:25; Base2; 01/07/16 13:18
AA1121; Base2; 01/07/16 13:49; Base3; 01/07/16 16:14
AA1121; Base3; 01/07/16 20:48; Base4; 01/08/16 03:17
AA1121; Base4; 01/08/16 05:42; Base8; 01/08/16 09:48
AA1121; Base8; 01/08/16 14:42; Base10; 01/08/16 21:21
AA1121; Base10; 01/09/16 02:08; Base3; 01/09/16 02:32
AA1121; Base3; 01/09/16 07:24; Base5; 01/09/16 09:56
AA1121; Base5; 01/09/16 14:56; Base7; 01/09/16 13:05
AA1121; Base7; 01/09/16 17:23; Base4; 01/09/16 21:52
AA1121; Base4; 01/10/16 03:00; Base8; 01/10/16 02:13
AA1121; Base8; 01/10/16 05:43; Base10; 01/10/16 08:53
AA1121; Base10; 01/10/16 12:38; Base10; 01/10/16 17:17
AA1121; Base10; 01/10/16 19:11; Base7; 01/10/16 23:35
AA1121; Base7; 01/11/16 03:57; Base4; 01/11/16 06:42
AA1121; Base4; 01/11/16 11:32; Base7; 01/11/16 12:50
AA1121; Base7; 01/11/16 14:34; Base8; 01/11/16 16:17
AA1121; Base8; 01/11/16 18:48; Base10; 01/11/16 19:01
AA1121; Base10; 01/11/16 21:09; Base1; 01/12/16 02:53
AA1121; Base1; 01/12/16 04:31; Base1; 01/12/16 13:13
AA1121; Base1; 01/12/16 15:12; Base7; 01/12/16 21:58
AA1121; Base7; 01/13/16 00:16; Base1; 01/13/16 07:15
AA1121; Base1; 01/13/16 12:12; Base10; 01/13/16 16:32
AA1121; Base10; 01/13/16 21:12; Base9; 01/14/16 03:32
AA1122; ; ; Base9; 01/01/16 10:09
AA1122; Base9; 01/01/16 11:27; Base8; 01/01/16 14:00
AA1122; Base8; 01/01/16 15:50; Base8; 01/01/16 20:09
AA1122; Base8; 01/02/16 00:24; Base6; 01/02/16 06:09
AA1122; Base6; 01/02/16 09:37; Base1; 01/02/16 09:14
AA1122; Base1; 01/02/16 11:50; Base7; 01/02/16 12:53
AA1122; Base7; 01/02/16 13:28; Base4; 01/02/16 20:04
AA1122; Base4; 01/02/16 21:51; Base5; 01/03/16 06:01
AA1122; Base5; 01/03/16 09:02; Base4; 01/03/16 14:08
AA1122; Base4; 01/03/16 16:11; Base5; 01/04/16 00:09
AA1122; Base5; 01/04/16 03:20; Base7; 01/04/16 09:04
AA1122; Base7; 01/04/16 11:48; Base1; 01/04/16 15:18
AA1122; Base1; 01/04/16 19:33; Base8; 01/05/16 03:00
AA1122; Base8; 01/05/16 07:33; Base8; 01/05/16 12:40
AA1122; Base8; 01/05/16 14:59; Base5; 01/05/16 16:08
AA1122; Base5; 01/05/16 21:21; Base8; 01/05/16 18:53
AA1122; Base8; 01/05/16 22:45; Base4; 01/05/16 22:43
AA1122; Base4; 01/05/16 23:46; Base8; 01/06/16 05:03
AA1122; Base8; 01/06/16 08:39; Base7; 01/06/16 07:30
AA1122; Base7; 01/06/16 09:19; Base1; 01/06/16 18:00
AA1122; Base1; 01/06/16 21:54; Base8; 01/07/16 04:03
AA1122; Base8; 01/07/16 04:34; Base5; 01/07/16 14:23
AA1122; Base5; 01/07/16 19:08; Base3; 01/07/16 21:24
AA1122; Base3; 01/07/16 22:31; Base9; 01/08/16 00:03
AA1122; Base9; 01/08/16 02:05; Base7; 01/08/16 10:25
AA1122; Base7; 01/08/16 13:15; Base10; 01/08/16 19:52
AA1122; Base10; 01/08/16 20:47; Base10; 01/09/16 01:53
AA1122; Base10; 01/09/16 05:49; Base6; 01/09/16 05:05
AA1122; Base6; 01/09/16 09:36; Base3; 01/09/16 14:43
AA1122; Base3; 01/09/16 15:51; Base7; 01/09/16 21:18
AA1122; Base7; 01/10/16 02:08; Base6; 01/10/16 00:44
AA1122; Base6; 01/10/16 02:19; Base5; 01/10/16 04:36
AA1122; Base5; 01/10/16 08:48; Base9; 01/10/16 10:24
AA1122; Base9; 01/10/16 13:46; Base7; 01/10/16 16:42
AA1122; Base7; 01/10/16 18:36; Base6; 01/10/16 23:52
AA1122; Base6; 01/11/16 00:22; Base10; 01/11/16 06:22
AA1122; Base10; 01/11/16 08:00; Base8; 01/11/16 12:12
AA1122; Base8; 01/11/16 15:58; Base1; 01/11/16 20:00
AA1122; Base1; 01/11/16 20:49; Base9; 01/12/16 07:27
AA1122; Base9; 01/12/16 10:25; Base7; 01/12/16 09:58
AA1122; Base7; 01/12/16 14:07; Base6; 01/12/16 18:36
AA1122; Base6; 01/12/16 23:08; Base5; 01/12/16 23:40
AA1122; Base5; 01/13/16 01:22; Base5; 01/13/16 10:04
AA1122; Base5; 01/13/16 10:52; Base8; 01/13/16 16:44
AA1122; Base8; 01/13/16 17:16; Base10; 01/13/16 23:15
AA1122; Base10; 01/14/16 01:30; Base9; 01/14/16 10:23
AA1122; Base9; 01/14/16 15:12; Base4; 01/14/16 21:31
AA1122; Base4; 01/15/16 02:20; Base3; 01/15/16 05:22
AA1122; Base3; 01/15/16 06:53; Base3; 01/15/16 16:13
AA1122; Base3; 01/15/16 20:41; Base9; 01/15/16 21:33
AA1123; ; ; Base7; 01/01/16 07:48
AA1123; Base7; 01/01/16 10:12; Base4; 01/01/16 12:53
AA1123; Base4; 01/01/16 17:44; Base3; 01/01/16 16:35
AA1123; Base3; 01/01/16 20:19; Base2; 01/02/16 02:31
AA1123; Base2; 01/02/16 07:35; Base9; 01/02/16 06:09
AA1123; Base9; 01/02/16 11:23; Base2; 01/02/16 15:04
AA1123; Base2; 01/02/16 19:19; Base2; 01/03/16 01:25
AA1123; Base2; 01/03/16 03:23; Base2; 01/03/16 03:57
AA1123; Base2; 01/03/16 08:15; Base5; 01/03/16 11:51
AA1123; Base5; 01/03/16 16:41; Base6; 01/03/16 23:08
AA1123; Base6; 01/04/16 03:31; Base4; 01/04/16 02:02
AA1123; Base4; 01/04/16 04:07; Base2; 01/04/16 12:20
AA1123; Base2; 01/04/16 16:05; Base9; 01/04/16 23:54
AA1123; Base9; 01/05/16 04:50; Base3; 01/05/16 08:50
AA1123; Base3; 01/05/16 10:41; Base1; 01/05/16 20:04
AA1123; Base1; 01/06/16 00:03; Base5; 01/05/16 23:17
AA1123; Base5; 01/06/16 02:17; Base7; 01/06/16 03:18
AA1123; Base7; 01/06/16 08:04; Base2; 01/06/16 10:13
AA1123; Base2; 01/06/16 12:02; Base10; 01/06/16 18:57
AA1123; Base10; 01/06/16 22:04; Base9; 01/06/16 23:20
AA1123; Base9; 01/07/16 04:09; Base9; 01/07/16 08:57
AA1123; Base9; 01/07/16 10:04; Base1; 01/07/16 13:10
AA1123; Base1; 01/07/16 16:33; Base10; 01/07/16 21:18
AA1123; Base10; 01/08/16 00:07; Base3; 01/08/16 02:35
AA1123; Base3; 01/08/16 06:39; Base9; 01/08/16 06:07
AA1123; Base9; 01/08/16 09:23; Base5; 01/08/16 11:45
AA1123; Base5; 01/08/16 15:31; Base3; 01/08/16 22:06
AA1123; Base3; 01/08/16 23:56; Base5; 01/09/16 02:16
AA1123; Base5; 01/09/16 06:08; Base2; 01/09/16 06:32
AA1123; Base2; 01/09/16 09:11; Base10; 01/09/16 11:47
AA1123; Base10; 01/09/16 16:39; Base7; 01/09/16 14:12
AA1123; Base7; 01/09/16 15:03; Base10; 01/09/16 21:36
AA1123; Base10; 01/09/16 23:55; Base1; 01/10/16 06:00
AA1123; Base1; 01/10/16 07:35; Base1; 01/10/16 13:18
AA1123; Base1; 01/10/16 15:13; Base8; 01/10/16 16:10
AA1123; Base8; 01/10/16 20:24; Base8; 01/11/16 00:11
AA1123; Base8; 01/11/16 05:13; Base6; 01/11/16 08:58
AA1123; Base6; 01/11/16 11:31; Base2; 01/11/16 17:48
AA1123; Base2; 01/11/16 20:07; Base4; 01/12/16 01:28
AA1123; Base4; 01/12/16 04:16; Base1; 01/12/16 08:53
AA1123; Base1; 01/12/16 12:25; Base8; 01/12/16 15:34
AA1123; Base8; 01/12/16 16:22; Base10; 01/13/16 02:55
AA1123; Base10; 01/13/16 06:15; Base3; 01/13/16 14:38
AA1123; Base3; 01/13/16 19:03; Base1; 01/13/16 19:55
AA1123; Base1; 01/13/16 21:03; Base1; 01/13/16 23:35
AA1123; Base1; 01/14/16 03:01; Base2; 01/14/16 02:49
AA1123; Base2; 01/14/16 04:35; Base9; 01/14/16 10:00
AA1123; Base9; 01/14/16 10:21; Base7; 01/14/16 21:25
AA1123; Base7; 01/14/16 22:18; Base4; 01/15/16 00:50
AA1123; Base4; 01/15/16 02:25; Base4; 01/15/16 06:33
AA1124; ; ; Base3; 01/01/16 06:44
AA1124; Base3; 01/01/16 09:12; Base6; 01/01/16 09:31
AA1124; Base6; 01/01/16 10:26; Base7; 01/01/16 13:56
AA1124; Base7; 01/01/16 15:31; Base7; 01/02/16 01:46
AA1124; Base7; 01/02/16 04:33; Base8; 01/02/16 12:08
AA1124; Base8; 01/02/16 13:33; Base6; 01/02/16 23:11
AA1124; Base6; 01/03/16 03:16; Base5; 01/03/16 03:27
AA1124; Base5; 01/03/16 04:13; Base3; 01/03/16 08:21
AA1124; Base3; 01/03/16 10:02; Base8; 01/03/16 15:16
AA1124; Base8; 01/03/16 20:00; Base8; 01/03/16 17:53
AA1124; Base8; 01/03/16 19:42; Base10; 01/04/16 02:42
AA1124; Base10; 01/04/16 06:46; Base5; 01/04/16 06:43
AA1124; Base5; 01/04/16 08:37; Base1; 01/04/16 18:24
AA1124; Base1; 01/04/16 21:40; Base2; 01/05/16 00:18
AA1124; Base2; 01/05/16 04:47; Base4; 01/05/16 04:11
AA1124; Base4; 01/05/16 08:37; Base8; 01/05/16 12:50
AA1124; Base8; 01/05/16 16:24; Base1; 01/05/16 17:03
AA1124; Base1; 01/05/16 20:21; Base4; 01/06/16 01:35
AA1124; Base4; 01/06/16 05:36; Base2; 01/06/16 05:10
AA1124; Base2; 01/06/16 07:18; Base1; 01/06/16 15:33
AA1124; Base1; 01/06/16 16:33; Base7; 01/06/16 20:35
AA1124; Base7; 01/06/16 21:26; Base3; 01/07/16 00:44
AA1124; Base3; 01/07/16 05:50; Base6; 01/07/16 06:15
AA1124; Base6; 01/07/16 09:56; Base6; 01/07/16 12:51
AA1124; Base6; 01/07/16 15:06; Base8; 01/07/16 23:32
AA1124; Base8; 01/08/16 01:34; Base9; 01/08/16 02:29
AA1124; Base9; 01/08/16 05:51; Base4; 01/08/16 14:14
AA1124; Base4; 01/08/16 18:50; Base3; 01/09/16 01:15
AA1124; Base3; 01/09/16 05:06; Base5; 01/09/16 11:08
AA1124; Base5; 01/09/16 16:27; Base5; 01/09/16 18:07
AA1124; Base5; 01/09/16 20:24; Base5; 01/10/16 03:53
AA1124; Base5; 01/10/16 07:03; Base7; 01/10/16 13:34
AA1124; Base7; 01/10/16 18:12; Base10; 01/10/16 18:05
AA1124; Base10; 01/10/16 20:07; Base3; 01/11/16 03:27
AA1124; Base3; 01/11/16 06:28; Base9; 01/11/16 12:14
AA1124; Base9; 01/11/16 14:44; Base5; 01/11/16 16:19
AA1124; Base5; 01/11/16 16:55; Base7; 01/11/16 19:59
AA1124; Base7; 01/11/16 23:48; Base6; 01/11/16 23:41
AA1124; Base6; 01/12/16 04:00; Base6; 01/12/16 09:51
AA1124; Base6; 01/12/16 14:37; Base10; 01/12/16 13:24
AA1124; Base10; 01/12/16 14:12; Base1; 01/12/16 21:55
AA1124; Base1; 01/13/16 01:53; Base2; 01/13/16 00:37
AA1124; Base2; 01/13/16 03:47; Base4; 01/13/16 10:36
AA1124; Base4; 01/13/16 12:32; Base8; 01/13/16 15:56
AA1124; Base8; 01/13/16 19:56; Base2; 01/13/16 20:50
AA1124; Base2; 01/13/16 21:36; Base1; 01/14/16 01:22
AA1124; Base1; 01/14/16 05:25; Base8; 01/14/16 11:37
AA1124; Base8; 01/14/16 15:54; Base5; 01/14/16 18:30
AA1124; Base5; 01/14/16 23:45; Base6; 01/14/16 20:55
AA1124; Base6; 01/14/16 22:45; Base2; 01/15/16 04:40
AA1125; ; ; Base5; 01/01/16 04:29
AA1125; Base5; 01/01/16 06:04; Base6; 01/01/16 14:24
AA1125; Base6; 01/01/16 18:34; Base1; 01/01/16 16:52
AA1125; Base1; 01/01/16 18:14; Base7; 01/01/16 21:42
AA1125; Base7; 01/02/16 01:46; Base8; 01/02/16 00:10
AA1125; Base8; 01/02/16 01:06; Base6; 01/02/16 11:55
AA1125; Base6; 01/02/16 17:02; Base10; 01/02/16 20:26
AA1125; Base10; 01/02/16 22:58; Base4; 01/02/16 23:29
AA1125; Base4; 01/03/16 03:51; Base6; 01/03/16 03:10
AA1125; Base6; 01/03/16 05:33; Base4; 01/03/16 15:04
AA1125; Base4; 01/03/16 16:44; Base5; 01/03/16 21:45
AA1125; Base5; 01/03/16 22:46; Base5; 01/04/16 02:38
AA1125; Base5; 01/04/16 06:24; Base5; 01/04/16 08:09
AA1125; Base5; 01/04/16 12:34; Base8; 01/04/16 18:10
AA1125; Base8; 01/04/16 21:17; Base7; 01/05/16 01:22
AA1125; Base7; 01/05/16 04:47; Base4; 01/05/16 06:08
AA1125; Base4; 01/05/16 06:40; Base3; 01/05/16 11:06
AA1125; Base3; 01/05/16 14:53; Base8; 01/05/16 22:48
AA1125; Base8; 01/06/16 03:31; Base4; 01/06/16 06:19
AA1125; Base4; 01/06/16 10:27; Base6; 01/06/16 10:43
AA1125; Base6; 01/06/16 11:36; Base1; 01/06/16 19:51
AA1125; Base1; 01/06/16 23:06; Base10; 01/07/16 04:35
AA1125; Base10; 01/07/16 06:13; Base1; 01/07/16 12:01
AA1125; Base1; 01/07/16 13:46; Base3; 01/07/16 16:00
AA1125; Base3; 01/07/16 20:17; Base9; 01/07/16 23:36
AA1125; Base9; 01/08/16 00:51; Base10; 01/08/16 11:18
AA1125; Base10; 01/08/16 11:41; Base7; 01/08/16 16:01
AA1125; Base7; 01/08/16 17:08; Base6; 01/08/16 23:55
AA1125; Base6; 01/09/16 01:53; Base8; 01/09/16 04:07
AA1125; Base8; 01/09/16 06:22; Base4; 01/09/16 07:53
AA1125; Base4; 01/09/16 11:07; Base10; 01/09/16 10:28
AA1125; Base10; 01/09/16 15:40; Base7; 01/09/16 19:54
AA1125; Base7; 01/09/16 22:32; Base1; 01/10/16 01:12
AA1125; Base1; 01/10/16 02:59; Base9; 01/10/16 07:05
AA1125; Base9; 01/10/16 11:23; Base3; 01/10/16 17:13
AA1125; Base3; 01/10/16 20:45; Base5; 01/10/16 20:09
AA1125; Base5; 01/10/16 21:16; Base6; 01/11/16 02:33
AA1125; Base6; 01/11/16 04:52; Base3; 01/11/16 11:18
AA1125; Base3; 01/11/16 13:32; Base1; 01/11/16 22:46
AA1125; Base1; 01/12/16 00:02; Base3; 01/12/16 06:42
AA1125; Base3; 01/12/16 08:38; Base5; 01/12/16 12:26
AA1125; Base5; 01/12/16 16:04; Base2; 01/12/16 15:06
AA1125; Base2; 01/12/16 17:05; Base8; 01/12/16 21:25
AA1125; Base8; 01/12/16 22:21; Base2; 01/13/16 01:29
AA1125; Base2; 01/13/16 04:23; Base2; 01/13/16 11:58
AA1125; Base2; 01/13/16 13:24; Base9; 01/13/16 23:05
AA1125; Base9; 01/14/16 03:43; Base6; 01/14/16 09:31
AA1125; Base6; 01/14/16 10:11; Base6; 01/14/16 20:27
AA1125; Base6; 01/14/16 21:56; Base1; 01/15/16 05:54
AA1125; Base1; 01/15/16 11:05; Base4; 01/15/16 15:41
